program_id,student_name,created_at,updated_at,school,applied_program,bachelor_university,bachelor_major,experience,admission_year,gpa,language_scores
,W同学,2024/2/17 12:16,2024/2/17 12:16,东北大学（美国）,分析学硕士,苏州大学文正学院,物联网,1. 中国电信实习2. 江苏广电实习,大四,3,多邻国130
,W同学,2024/2/17 12:14,2024/2/17 12:14,乔治华盛顿大学,计算机科学理学硕士,苏州大学文正学院,物联网,1. 中国电信实习2. 江苏广电实习,大四,3,多邻国130
,L同学,2024/2/17 12:13,2024/2/17 12:13,乔治城大学,生物信息学硕士,华东理工大学,生物工程（含生物医药新工科、中德联合生物工程）,1. APMCM参赛2. XX生物技术企业实习3. XX生物酶的结构研究,大四,2.96,托福94
,Y同学,2024/2/17 12:15,2024/2/17 12:15,伊利诺伊大学香槟分校,金融工程硕士,,金融,1. 昆明某投资公司VP助理2. 兴业证券助理实习3. 兴业证券量化实习4. 中金日常实习5. 哥伦比亚大学寒假交流,已毕业,90.55,托福101，GRE326
,L同学,2024/2/17 12:13,2024/2/17 12:13,伦敦大学国王学院,健康心理学理学硕士,圣安德鲁斯,心理学,1. 研究项目：《某地区老年群体轻度认知障碍的研究》2. 某公司hr实习3. 探究线性加权平均模型是否能解释单眼立体视觉 ?4. 个体的主观幸福感与面部表情的识别能力的关联,大四,15.2,英本
,W同学,2024/2/17 12:11,2024/2/17 12:11,伦敦大学国王学院,国际政治经济学文学硕士,北京化工大学,国际经济与贸易,1. 浙商证券宏观研究组实习生2. 低碳经济与管理研究中心研究成员,大四,86.79,雅思6.5
,P同学,2024/2/17 12:11,2024/2/17 12:11,伦敦大学国王学院,国际政治经济学文学硕士,华东理工大学,经济,1. 保诚保险有限公司 实习生2. 中信证券 市场拓展部实习生3. 咨询实训项目,大四,83.44,雅思6.5
,G同学,2024/2/17 12:15,2024/2/17 12:15,伦敦大学国王学院,国际营销理学硕士,上海外国语大学,德语,1. 高校短视频平台的运营策略及其对校园官媒传播效果研究——以“上外德语系”视频号为例2. 比较文学课程论文3. 某教育平台新媒体运营4. 某教育机构助教,大四,88.23,雅思8(L:9/R:8.5/W:7.5/S:7)
,Y同学,2024/2/17 12:16,2024/2/17 12:16,伦敦大学国王学院,新兴经济体与国际发展理学硕士,贵州财经大学,会计学（中外合作办学）,1. 上海xx有限公司审计实习生2. 上海xx有限公司审计实习生,大四,89.2,雅思7
,C同学,2024/2/17 12:14,2024/2/17 12:14,伦敦大学国王学院,金融学（资产定价）理学硕士,华东理工大学,计算机科学与技术,1. 华创证券实习-机械组2. 中泰证券-研究实习生3. 课设：创建DBMS系统+银行财务状况的纵向分析+器材信息管理系统,大四,86.5,雅思7
,L同学,2024/2/17 12:15,2024/2/17 12:15,伦敦大学国王学院,银行与金融理学硕士,东北大学,金融学（金融科技),1. 某证券公司实习生2. 某投资管理有限公司实习生3. 安盛保险实习生,大四,3.83,无
,Y同学,2024/2/17 12:15,2024/2/17 12:15,伦敦大学国王学院,银行与金融理学硕士,,金融工程,1. 申港证券实习生2. 二手车交易价格预测3. 期货衍生品教材案例补充4. 地方官员竞争及晋升压力与城投举债,大四,3.6,雅思7，GRE327
,Q同学,2024/2/17 12:11,2024/2/17 12:11,伦敦大学学院,建筑环境：可持续遗产（遗产管理）理学硕士,北京林业大学,风景园林,1. 校级实践团:景观传记—北京滨水空间的探寻与记录实践团2. RAC STUDIO & ZHUGE COMING “云南洱源（右所）Building Practice”3. 2023年成都公园城市国际花园季暨第六届北林国际花园建造周设计竞赛4. 大学生创新训练：《永定河引水渠河流环境、活力、居民情绪感知三者相关性研究及更新策略》,大四,88.82,托福95(L:23/R:27/W:22/S:23)
,Y同学,2024/2/17 12:15,2024/2/17 12:15,伦敦大学学院,教育学（科学）文学硕士,江南大学,教育技术学(师范）,1. 某科学院计算机网络信息中心生产与创新助理2. 某师范大学智能学习研究所研究助理3. 国家大学生创新创业训练计划4. 中国创意挑战赛5. iTeach全国大学生数字教育应用创新大赛6. 基于RPG模式的历史教育游戏资源设计研究7. 教育信息化视域2.0下语文教学困境破解与策略研究8. 不同可视化实时互动界面XX反馈的影响研究,已毕业,89,暂无
,W同学,2024/2/17 12:15,2024/2/17 12:15,伦敦大学学院,教育学（读写）文学硕士,首都师范大学,小学教育,1. 小学英语跨学科教学设计研究2. 某小学英语实习老师3. 学而思产品教研员4. 乡村老人生存状况项目调研,大四,88.2,雅思6.5
,L同学,2024/2/17 12:14,2024/2/17 12:14,伦敦大学学院,机器人与人工智能理学硕士,西北工业大学,自动化,1. 上海肿瘤研究所实习生2. 德国亚琛工业大学交换3. 小型探空火箭项目4. 基于YOLOv3的安全帽识别算法5. 基于K近邻的数字字母识别系统6. 智能道路喷涂机器人7. 论文《A Review of the Application of Wireless Positioning Technology in Micro Robots in Vivo》,大四,88.2,雅思7.5，GRE317
,L同学,2024/2/17 12:12,2024/2/17 12:12,伦敦大学学院,物联网系统工程理学硕士,,微电子,1. 博世实习2. 某电子公司实习3. 美赛M奖,大四,4.28,雅思7
,C同学,2024/2/17 12:12,2024/2/17 12:12,伦敦大学学院,物联网系统工程理学硕士,武汉科技大学,电子信息工程,1. 京东项目实习生2. 口罩识别检测 个人项目3. 智能唤醒系统,大四,91.12,雅思7
,W同学,2024/2/17 12:15,2024/2/17 12:15,伦敦大学学院,电信学理学硕士,香港科技大学,电子工程,1. 电子电气工程专题：新能源电动汽车技术研究2. 华为政企大客户服务部实习3. 信号与系统小组作业4. 电子电路个人项目,大四,2.98,雅思7.0
,L同学,2024/2/17 12:11,2024/2/17 12:11,伦敦大学学院,金融学理学硕士,上海外国语大学,金融,1. 大创：基金购买成因分析2. 中信建投行研实习生,大四,3.96,雅思7.5，GMAT710
,X同学,2024/2/17 12:12,2024/2/17 12:12,伦敦大学玛丽皇后学院,会计与金融理学硕士,广东财经大学,税收学,1. 银行财务部门实习生2. 安永商务比赛3. 正大杯市场调研比赛,大四,3.27,暂无
,F同学,2024/2/17 12:12,2024/2/17 12:12,伦敦政治经济学院,区域与城市规划研究理学硕士,,城市管理,1. 天津市家庭结构变迁分析2. 天津市城市规划设计院助理实习生3. 天津市规划和自然资源局实习4. 第八届中国国际大学生互联网+创新创业大赛5. 2023清华中国公共案例分析大赛6. 可持续健康学习型城市7. 大连市建设“韧性城市”的路径与对策研究,大四,85.4,无
,L同学,2024/2/17 12:12,2024/2/17 12:12,伦敦政治经济学院,管理与战略理学硕士,,人力资源管理,1. 美赛2. 中信银行实习3. 全国大学生数学建模竞赛4. 全国市场调查与分析大赛5. 课程设计：资质过剩感知对员工网络闲散行为作用机制研究,大四,90.63,雅思7，GMAT650
,Z同学,2024/2/17 12:11,2024/2/17 12:11,伯明翰大学,公共管理理学硕士,青岛农业大学,广播电视编导,1. 某文化传媒有限公司制片2. 某集团北京分公司销售3. 某模式发展现状与趋势研究,已毕业,3.49,六级，不需要
,J同学,2024/2/17 12:14,2024/2/17 12:14,伯明翰大学,土木工程理学硕士,湖南大学,土木工程(桥梁工程),1. 建筑公司工程部2. 某某工程局工程部3. 某大桥方案设计及100m连续梁桥结构设计4. 预应力混凝土主梁设计5. 某类型桥型模型设计,一年工作经验,2.99,无
,Y同学,2024/2/17 12:14,2024/2/17 12:14,伯明翰大学,大气污染管理与控制理学硕士,南京信息工程大学,应用气象学,1. 气象局实习2. 气象台实习3. 全国大学生生命科学竞赛4. 课程设计：涡度相关观测系统的组成及储存项校正5. 飞机尾迹云的微物理特性及其对局部天气影响的研究6. 降雨特征及成因分析7. 课程设计：正压原始方程模式实习8. 共享杯科技资源共享服务创新大赛,大四,3.53,雅思6，无
,C同学,2024/2/17 12:11,2024/2/17 12:11,伯明翰大学,对外英语教学文学硕士,上海海洋大学,食品科学,1. 《xxx》对当今教育的启发2. 上海译国译民教育科技有限公司翻译实习生3. 翻译工作坊4. 某教育科技有限公司小学部英语教师5. xx省农村中学英语教师专业发展保障机制研究6. LanguageX翻译xx类文本优势分析——以《xxx》为例。7. 全国科技翻译研讨会综述,一年工作经验,88.19,无
,Z同学,2024/2/17 12:12,2024/2/17 12:12,伯明翰大学,数学、运筹学、统计学与计量经济学理学硕士,苏州科技大学,统计学,1. 毕业论文：二手房销售量的影响因素研究2. 大学生创新创业项目：信用风险度量3. 鼹鼠杯23期数据挖掘研习,已毕业,84.25,无语言
,S同学,2024/2/17 12:14,2024/2/17 12:14,伯明翰大学,数学、运筹学、统计学与计量经济学理学硕士,河北师范大学,数学与应用数学,1. 大学生创新创业训练计划项目-----校内二手平台小程序2. xxx统计局-国民经济统计实习生,大四,84.33,无
,M同学,2024/2/17 12:12,2024/2/17 12:12,伯明翰大学,道路管理与工程理学硕士,长沙理工大学,交通工程,1. 上海建工七建集团第三工程公司技术员2. 上海建工七建集团第三工程公司技术员3. 长沙市劳动西路-白沙路交叉口交通组织优化设计4. 课设《 某过江通道规划设计》5. 课程设计《加州高速公路交通数据处理及预测分析》6. 毕业论文《综合主客观因素的城市非机动车评价与优化》7. 长沙市劳动西路-白沙路交叉口交通组织优化设计8. 课设《 某过江通道规划设计》9. 课程设计《加州高速公路交通数据处理及预测分析》10. 毕业论文《综合主客观因素的城市非机动车评价与优化》,已毕业,82.27,六级450，无
,Y同学,2024/2/17 12:12,2024/2/17 12:12,伯明翰大学,金融数学理学硕士,湖南工业大学,金融工程,1. 华泰证券量化实习2. 高斯杯数学建模竞赛全国二等奖3. 东方财富杯风险分析师,大四,3.59,无
,P同学,2024/2/17 12:11,2024/2/17 12:11,俄亥俄州立大学,电气与计算工程理学硕士,,自动化,1. 某汽车电子公司研发部门实习2. 某智能科技有限公司研发实习3. NUS暑校4. 车载信息实时监控,大四,3,托福105
,Z同学,2024/2/17 12:14,2024/2/17 12:14,利兹大学,可持续发展与咨询理学硕士,滑铁卢大学,Bachelor’s of Environmental Studies (BES) Honours Environment and Business,1. 大众集团战略项目分析2. 关于加拿大安大略省高速路413项目的公众评论报告,大四,83,雅思6.5
,T同学,2024/2/17 12:13,2024/2/17 12:13,利兹大学,可持续发展与商业理学硕士,首都经济贸易大学,经济学(含实验班),1. 浦东发展银行 业务助理2. 发展农村教育相关课程论文3. 大创项目-家政app,已毕业,80.12,六级440+，没有
,L同学,2024/2/17 12:13,2024/2/17 12:13,利兹大学,可持续城市理学硕士,武汉理工大学,建筑环境与能源应用工程,1. 北京市建筑设计研究院实习工程师2. 相变材料在方腔内熔化特性的数值模拟3. 建筑节能设计,已毕业,82,无，无
,W同学,2024/2/17 12:13,2024/2/17 12:13,利兹大学,可持续城市理学硕士,天津城建大学,建筑,1. 华瑞国际项目管理有限公司 实习生2. 天津城建大学设计院实习生3. 天津地区特朗勃墙性能的实验研究4. 计算机网络工程用数据采集装置5. 基于深度学习的建筑方案生成 Deep Learning Based Architectural Scheme Generation,大四,85.08,无
,Z同学,2024/2/17 12:15,2024/2/17 12:15,利兹大学,可持续城市理学硕士,长安大学,城乡规划,1. 学院实习生2. 城市规划设计研究院实习生3. 规划建筑设计公司项目负责人4. 城市设计竞赛,三年以上工作经验,81.11,雅思6
,G同学,2024/2/17 12:15,2024/2/17 12:15,利兹大学,可持续城市理学硕士,山东农业大学,风景园林,1. 2022年中国风景园林学会大学生设计竞赛（CHSLA）2. 课程设计3. 课程设计,大四,86.04,无
,Z同学,2024/2/17 12:14,2024/2/17 12:14,利兹大学,地理信息系统理学硕士,华南农业大学,测绘工程,1. 课程实验：基于环境小卫星的湖泊水质遥感监测2. 全国大学生测绘学科创新创业智能大赛测绘技能竞赛3. 课程论文：激光雷达技术在多个领域应用现状及发展趋势4. 毕设5. 课程设计：基于C#的GIS 系统开发,已毕业,88.68,无
,G同学,2024/2/17 12:14,2024/2/17 12:14,利兹大学,地理信息系统理学硕士,西南交通大学,地理信息科学,1. 地质测绘实习2. 数字测图实习3. 毕设4. 摄影测量与遥感实习5. GIS应用系统课程设计,已毕业,80.9,雅思6
,W同学,2024/2/17 12:11,2024/2/17 12:11,利兹大学,文化、创意与创业文学硕士,华侨大学,汉语言,1. 挑战杯大学生创业大赛：基于XX文化探讨同胞对家族文化的归属感2. 影视公司，影视品牌部3. 互联网大学生创新创业大赛：XX镇视觉设计与实践,大四,4.48,雅思7（6）
,Y同学,2024/2/17 12:15,2024/2/17 12:15,利兹大学,环境与发展理学硕士,东华大学,环境工程,1. 上海市大学生创新创业项目2. 全国大学生市政环境类创新实践能力大赛,大四,80.5,无
,Z同学,2024/2/17 12:12,2024/2/17 12:12,利兹大学,电子与电气工程（工程）理学硕士,天津商业大学,自动化,1. 天津市大学生电子设计竞赛2. ”互联网+”大学生创新创业大赛3. 基于深度迁移学习与多特征网络融合的林间害虫识别方法的研究4. 全国大学生物联网设计大赛5. 科研项目：基于FPGA的高精度多通道信号源设计与实现6. 论文《Multisim仿真软件在《数字电子技术》中的应用》,大四,88.84,无，不考
,F同学,2024/2/17 12:14,2024/2/17 12:14,加州大学伯克利分校,发展实践,北京大学,阿拉伯语,1. 某“双一流”高校工作2. 驻某国使馆工作3. 某国家部委工作,三年以上工作经验,3.98,托福117，GRE338
,R同学,2024/2/17 12:12,2024/2/17 12:12,加州大学圣地亚哥分校,计算机科学硕士,清华大学,软件工程,1. 京东数据开发工程师2. 多存储查询优化项目,大四,3.55,雅思7，GRE326
,L同学,2024/2/17 12:11,2024/2/17 12:11,加州大学欧文分校,电气工程硕士,,电子科学与技术,1. 华为专用5G网络团队实习2. UCB交换3. 基于PMUT阵列的可穿戴连续血压监测系统4. 基于微流控装置的单酵母菌电阻抗谱检测,大四,3.73,托福110(L:29/R:30/W:28/S:23)，GRE320
,Z同学,2024/2/17 12:14,2024/2/17 12:14,华威大学,信息系统与数字创新管理理学硕士,上海大学,信息管理与信息系统,1. 美赛2. 某电子信息公司数据分析实习生3. 某互联网科技公司数据分析实习生4. 数据挖掘竞赛5. 金融创新应用大赛6. 隧道全生命周期运维养护项目,大四,83.7,无
,G同学,2024/2/17 12:13,2024/2/17 12:13,华威大学,商业与专业跨文化交流理学硕士,上海外国语大学,德语,1. 高校短视频平台的运营策略及其对校园官媒传播效果研究——以“上外德语系”视频号为例2. 比较文学课程论文3. 某教育平台新媒体运营4. 某教育机构助教,大四,88.23,雅思8(L:9/R:8.5/W:7.5/S:7)
,Z同学,2024/2/17 12:13,2024/2/17 12:13,华威大学,商业与专业跨文化交流理学硕士,北京语言大学,汉语国际教育,1. “青创北京”2022“挑战杯”北京大学生创业大赛2. 浅析简·奥斯汀《理智与情感》中的女性意识3. 网络时代的“标签”困境4. 芒果TV《侦探学院》综艺节目营销效果评价5. 雀巢中国市场部品牌管理实习生6. 罗德集团公关实习生,大四,3.74,暂无
,L同学,2024/2/17 12:13,2024/2/17 12:13,华威大学,市场营销与战略理学硕士,北京外国语大学,会计,1. 某会计师事务所审计实习生2. 某咨询公司品牌战略实习3. 2023万事达卡中国咨询案例大赛Mastercard China Advisors Case Competition 2023,大四,3.27,雅思6.5，未考
,L同学,2024/2/17 12:15,2024/2/17 12:15,华威大学,市场营销与战略理学硕士,北京师范大学-香港浸会大学联合国际学院,财务管理,1. ICIBE二作论文发表2. 普华永道中国You Plus 特训计划：《任天堂如何在主机行业破圈》3. 第八届中国大学生公共关系策划创业大赛：《古采玫蜜，今养笑颜》4. NUS FASStrack Asia Summer School5. gobrand 品牌策略实习生,大四,3.5,无
,Y同学,2024/2/17 12:12,2024/2/17 12:12,华威大学,方案与项目管理理学硕士,郑州大学,工程管理专业,1. Project Management Simulation?2. Residential Building Modeling and Bidding Based on GTJ Software3. Construction Organization Design of A Student Dormitory Building?,大四,3.3,六级459，无需考
,Z同学,2024/2/17 12:11,2024/2/17 12:11,华威大学,电力工程理学硕士,天津商业大学,自动化,1. 天津市大学生电子设计竞赛2. ”互联网+”大学生创新创业大赛3. 基于深度迁移学习与多特征网络融合的林间害虫识别方法的研究4. 全国大学生物联网设计大赛5. 科研项目：基于FPGA的高精度多通道信号源设计与实现6. 论文《Multisim仿真软件在《数字电子技术》中的应用》,大四,88.84,无，不考
,L同学,2024/2/17 12:12,2024/2/17 12:12,华威大学,电气与电子工程理学硕士,南京农业大学,电子信息科学与技术,1. 嵌入式物联网智能插座控制系统2. 基于51单片机的智能环境监测系统3. 电子科技有限公司—技术研发部—助理电子工程师,已毕业,81.06,雅思6.5
,W同学,2024/2/17 12:12,2024/2/17 12:12,南加州大学,电气工程理学硕士,西交利物浦大学,电气工程及其自动化（2+2）,1. 人工智能芯片设计研究2. 利用matlab仿真一个平衡车的控制系统3. 雷达扫描系统,大四,73.44,雅思7
,S同学,2024/2/17 12:13,2024/2/17 12:13,南加州大学,空间经济学与数据分析硕士,北京工业大学,金融学,1. 安永审计实习2. 光大银行公司金融部实习3. 国融证券固定收益交易部门实习,大四,92,托福98
,W同学,2024/2/17 12:13,2024/2/17 12:13,南加州大学,金融工程硕士,University of Waterloo,金融风险管理,1. 中信建投量化分析实习2. 字节国际化产品运营实习3. 某Research公司实习项目经理,大四,88.14,免语言
,H同学,2024/2/17 12:13,2024/2/17 12:13,南安普顿大学,光学工程理学硕士,南京工业大学,应用物理学,1. 课程设计：多功能抢答器设计2. 南京工业大学大学生创新创业与实践：利用浸渍法制备溴甲铅-硅橡胶的荧光复合材料3. 毕业论文：利用静电纺丝制备不同形貌的PVDF薄膜,已毕业,81,六级500，不考
,T同学,2024/2/17 12:14,2024/2/17 12:14,南安普顿大学,公共管理硕士,天津外国语大学,财务管理（商务英语）,1. 天津市中鼎会计师事务所内控咨询助理2. 大华会计师事务所（特殊普通合伙）审计实习生3. 新加坡国立大学交换4. 中国国际“互联网+”大学生创新创业大赛5. 长江三角洲区域经济社会协调发展的新机制研究6. 轻资产运营模式下贵人鸟财务风险与控制研究7. 论文《我国区域经济发展存在的问题及对策》,大四,3.58,暂无，不需要
,L同学,2024/2/17 12:15,2024/2/17 12:15,南安普顿大学,可持续发展理学硕士,河海大学,环境科学,1. 中国科学院南京植物所实习生2. 牛津大学交换3. 测量学实习4. 某污水处理厂参观实习5. 课程设计：某污水处理厂扩建工程环境影响评价6. 环境监测实验7. 水处理实验：强酸性阳离子交换树脂交换容量的测定,大四,80.83,雅思5.5，无
,C同学,2024/2/17 12:13,2024/2/17 12:13,南安普顿大学,时尚管理文学硕士,哈尔滨师范大学,市场营销,1. 美团经营规划部实习2. 某科技公司销售3. 市场营销大赛,大四,78.76,无
,Z同学,2024/2/17 12:13,2024/2/17 12:13,南安普顿大学,时尚管理文学硕士,北京师范大学-香港浸会大学联合国际学院,市场营销,1. lululemon进军拉美市场的提案2. 某冰箱品牌的创业提案3. 某公司互联网与社会责任营销4. 某公司电子商务部实习生,大四,2.79,暂无，不考
,H同学,2024/2/17 12:13,2024/2/17 12:13,南安普顿大学,英语语言教学/对外英语教学文学硕士,广东第二师范学院,翻译,1. 小学英语教师2. 上海译国译民翻译服务有限公司笔译员3. 小学英语教师,大四,88,雅思6.5
,H同学,2024/2/17 12:13,2024/2/17 12:13,南安普顿大学,英语语言教学/对外英语教学文学硕士,兰州财经大学,商务英语,1. 某教育机构助教2. 某教育机构兼职教师3. 李校来啦LIXIAO COMING陪练4. 《国际商务谈判》课程设计5. 大学生创新创业大赛,大四,85.04,待考，不考
,L同学,2024/2/17 12:14,2024/2/17 12:14,南安普顿大学,英语语言教学/对外英语教学文学硕士,上海工程技术大学,翻译,1. 某教育科技（上海）有限公司全职英语助教2. 上海策马翻译有限公司英语翻译实习生,已毕业,83.5,雅思7.5
,L同学,2024/2/17 12:12,2024/2/17 12:12,南安普顿大学,运输规划与工程（行为）理学硕士,南京航空航天大学,交通运输（航空运行与管理）,1. 北京大兴国际机场实习生2. 机场规划设计比赛3. 运筹学课程设计4. 航空公司运行管理课程设计5. 高速飞行器空气动力优化设计6. 毕设,已毕业,78,无
,C同学,2024/2/17 12:15,2024/2/17 12:15,南洋理工大学,信息研究理学硕士,北京邮电大学,信息安全,1. 基于SylixOS国产操作系统的人脸识别系统2. 攻击行为全方位检测与捕获系统3. 基于Python语言的实时通讯系统,大四,85,托福101，GRE318
,Z同学,2024/2/17 12:16,2024/2/17 12:16,南洋理工大学,信息研究理学硕士,澳门本科,商业分析,1. 两端数据相关实习2. 一段战略方面竞赛3. 四段课设,大四,3.23,雅思6.5
,C同学,2024/2/17 12:16,2024/2/17 12:16,南洋理工大学,信息系统理学硕士,,软件工程,1. 基于Python的社交网络媒体分析2. 基于EVENODD编码的存储系统3. 2022年全国大学生系统能力大赛操作系统设计赛,大四,82.87,雅思7.0
,L同学,2024/2/17 12:16,2024/2/17 12:16,南洋理工大学,区块链理学硕士,,软件工程,1. 大学生创新创业训练计划项目：基于野外探索的智能机器人系统2. 2023美国大学生数学建模大赛Y题帆船价格模型预测3. 百度移动端训练营android开发,大四,4,雅思6.5
,Z同学,2024/2/17 12:11,2024/2/17 12:11,南洋理工大学,智能制造理学硕士,哈尔滨工业大学（威海）,车辆工程,1. 课程设计“混合动力汽车动力耦合系统设计及仿真”2. 中国汽车技术研究中心大学生标准竞赛3. 哈尔滨工业大学（威海）大一学生年度立项“新能源汽车xx原因调查”4. 毕业设计《某6x4消防车底盘离合器优化设计》5. 湖北xx商用车汽车制造厂实习底盘测试开发,大四,86.74,雅思7.0
,Z同学,2024/2/17 12:11,2024/2/17 12:11,南洋理工大学,智能制造理学硕士,西北工业大学,飞行器动力工程,1. 亿嘉和机器人研发基地机械设计实习生2. 思克莱德大学交换3. 法国国立应用科学院交换4. 视障人士导盲系统5. 基于正弦驱动的微型机器人6. 业余滑翔机复合板的改造7. 新能源汽车的电池冷却系统设计8. 专利《一种锐器盒》9. 专利《一种采油报警电路》,已毕业,75.32,雅思6.5
,Z同学,2024/2/17 12:16,2024/2/17 12:16,南洋理工大学,智能制造理学硕士,,机械工程,1. 科技公司设计助理2. 科技公司研发助理3. 循迹智能车设计4. 信号采集与故障检测5. 小车行走系统6. 加工工艺及夹具设计,大四,81.74,雅思7.5
,Z同学,2024/2/17 12:11,2024/2/17 12:11,南洋理工大学,知识管理理学硕士,南京农业大学,投资学,1. 大学生SRT项目：农地抵押贷款机制下中小规模农业经营主体信贷配给研究2. 指南者背景提升项目3. 东吴证券财富管理委员会实习生,大四,90.5,雅思7，GRE323
,Q同学,2024/2/17 12:15,2024/2/17 12:15,南洋理工大学,科技创业与创新理学硕士（英文授课）,,财政学,1. 收入和教育对我国城市居民肉类消费、蔬果类消费和谷薯类消费影响分析——以平衡膳食模式为标准2. 联想（上海）信息技术有限公司客户运营实习生3. 芙蓉花语电商服务平台（大学生创业项目）,已毕业,3.16,雅思6.5
,C同学,2024/2/17 12:15,2024/2/17 12:15,南洋理工大学,科技创业与创新理学硕士（英文授课）,对外经济贸易大学,经济学荣誉学士实验班,1. 某资本公司-董事经理2. 某资本公司-分析员,三年以上工作经验,84.55,托福99
,W同学,2024/2/17 12:16,2024/2/17 12:16,南洋理工大学,科技创业与创新理学硕士（英文授课）,武汉理工大学,工商管理,1. 斗鱼直播实习生2. 腾讯科技行业研究实习生3. 深信服科技股份有限公司客户经理4. 毕设《基于大数据的校地合作影响因素及成效研究》5. 2020年暑期“三下乡”社会实践项目6. 第十三届全国大学生广告艺术大赛7. 武汉理工大学2021年度自主创新研究基金项目：《基于ZigBee通讯协议的矿用智能安全靴及其商业化应用的研究》8. 论文《矿用人员定位系统发展现状研究》9. 论文《浅析后疫情时期我国企业复工复产现状》,已毕业,88.19,雅思6.5，不打算考
,W同学,2024/2/17 12:13,2024/2/17 12:13,卡内基梅隆大学,人工智能工程硕士-材料科学与工程,山东大学（威海）,化学，辅修计算机,1. 国际多边贸易合作组织研究助理2. 美赛H奖3. 数学建模竞赛国家三等奖,大四,86.96,托福98
,X同学,2024/2/17 12:13,2024/2/17 12:13,卡内基梅隆大学,材料科学与工程理学硕士,上海应用技术大学,材料,1. 某航天研究所实习2. 抗冲击聚氨酯/陶瓷复合材料的制备及性能研究,大四,88.66,雅思7
,C同学,2024/2/17 12:13,2024/2/17 12:13,卡迪夫大学,高级计算机科学理学硕士,牡丹江师范学院,计算机科学与技术,1. xx信息科技网络公司培训员2. xx软件学院前端开发3. xxx网络科技有限公司网络运营4. 基于 xx盲盒交友系统设计与开发,大四,81.91,无
,P同学,2024/2/17 12:12,2024/2/17 12:12,哥伦比亚大学,环境健康数据科学理学硕士,罗格斯大学,计算机,1. 支付宝助理数据分析实习2. 某风投管理公司数据分析实习3. JavaFX照片管理工具,大四,3.56,免语言，GRE337
,L同学,2024/2/17 12:13,2024/2/17 12:13,哥伦比亚大学,电气工程硕士,,电子科学与技术,1. 华为专用5G网络团队实习2. UCB交换3. 基于PMUT阵列的可穿戴连续血压监测系统4. 基于微流控装置的单酵母菌电阻抗谱检测,大四,3.73,托福110(L:29/R:30/W:28/S:23)，GRE320
,L同学,2024/2/17 12:14,2024/2/17 12:14,圣路易斯华盛顿大学,信息系统管理硕士,北京工业大学,建筑学,1. NSTC北京事业部后端开发实习生2. 北京建筑设计研究院建筑设计实习生3. 基于VR技术的北京中轴线文化景观修复,大四,3.5,雅思7，GRE328
,W同学,2024/2/17 12:14,2024/2/17 12:14,圣路易斯华盛顿大学,信息系统管理硕士,南京审计大学,管理与信息系统,1. XX大数据科技公司 数据工程实习生2. 美赛 M奖3. 计算机软件著作权,大四,84,托福106
,X同学,2024/2/17 12:16,2024/2/17 12:16,圣路易斯华盛顿大学,工程管理硕士,东华大学,功能材料(新能源与光电材料方向),1. 多孔结构薄膜作为电池薄膜的应用2. 基于3DMAX 对基本模型建模3. 功能材料专业实验,大四,80.7,雅思6.5
,H同学,2024/2/17 12:14,2024/2/17 12:14,圣路易斯华盛顿大学,法学硕士,中南大学,法学,1. 河北xx律所实习2. XX区人民法院实习3. XX县人民法院实习4. XX律所工作,大四,83.2,托福93
,X同学,2024/2/17 12:11,2024/2/17 12:11,埃克塞特大学,金融与投资理学硕士,湖南工商大学,金融学（CFA）,1. 某股份有限公司财务部审计实习生2. 某银行信用管理部实习生3. 第七届金融投资分析大赛二等奖,大四,79.81,无
,C同学,2024/2/17 12:12,2024/2/17 12:12,埃克塞特大学,高级计算机科学理学硕士,牡丹江师范学院,计算机科学与技术,1. xx信息科技网络公司培训员2. xx软件学院前端开发3. xxx网络科技有限公司网络运营4. 基于 xx盲盒交友系统设计与开发,大四,81.91,无
,F同学,2024/2/17 12:16,2024/2/17 12:16,墨尔本大学,生物医学工程硕士,浙江大学,生物医学,1. xx抗癌药物的研究进展2. 个人项目：探究纳米抗癌药物的研究进展3. xx生物学调查,大四,77.3,雅思6.0
,L同学,2024/2/17 12:13,2024/2/17 12:13,墨尔本大学,管理学硕士（会计与金融）,华北电力大学,会计学,1. 毕业论文：节能减排政策对高耗能企业绩效的影响研究2. 财务公司财务资金部实习生3. 证券公司营业部实习生4. 大创：国际电力期货市场及其价格波动性特征分析5. “尖烽时刻” 全国商业模拟大赛,已毕业,88.12,雅思6.5
,F同学,2024/2/17 12:14,2024/2/17 12:14,墨尔本大学,营销传播学硕士,中国农业大学,传播学（中美合作项目）,1. 二元性别主导环境下酷儿个体的生存与应对2. 华晨宝马汽车有限公司北京分公司 市场部实习生3. 腾讯视频（平台与内容部）4. 基于文化培养理论的时尚品牌市场营销研究5. 健康传播领域的沟通干预计划,大四,3.62,雅思7
,X同学,2024/2/17 12:11,2024/2/17 12:11,布里斯托大学,会计与金融理学硕士,,会计,1. 某服装有限公司财务总监助理2. 课程设计：基于IS-LM模型下我国精准扶贫政策效应分析3. 课程设计：业绩预告偏差与公司盈余管理,大四,3.5,雅思7.0，无
,Y同学,2024/2/17 12:14,2024/2/17 12:14,布里斯托大学,国际法与国际关系法学硕士,华东政法大学,侦查学,1. 法律案例分析大赛2. 集体肖像侵权相关论文-本科生学术论文竞赛3. xx律师事务所-律师助理,大四,91.28,雅思6
,Z同学,2024/2/17 12:14,2024/2/17 12:14,布里斯托大学,地理数据科学与空间分析理学硕士,首都师范大学,遥感,1. 大运河沿线发展变化评价——以白浮泉至五河交汇处运河沿线为例2. 三维激光扫描仪系统参数精确标定3D,大四,88,雅思6
,T同学,2024/2/17 12:15,2024/2/17 12:15,布里斯托大学,比较文学与文化文学硕士,北京语言大学,朝鲜语(韩语法学),1. 新东方新媒体运营实习生2. 北京卫客科技有限公司新媒体运营实习生3. 北京语言大学志愿者服务总队支教,大四,87,雅思6.5（6）
,Z同学,2024/2/17 12:14,2024/2/17 12:14,布里斯托大学,管理学理学硕士（企业社会责任与可持续发展）,滑铁卢大学,Bachelor’s of Environmental Studies (BES) Honours Environment and Business,1. 大众集团战略项目分析2. 关于加拿大安大略省高速路413项目的公众评论报告,大四,83,雅思6.5
,S同学,2024/2/17 12:12,2024/2/17 12:12,布里斯托大学,管理学理学硕士（国际商务）,济南大学,会展经济与管理,1. 某公司品牌营销实习2. 某公司财务部实习3. 融资计划书,大四,87.35,无
,G同学,2024/2/17 12:14,2024/2/17 12:14,布里斯托大学,管理学理学硕士（市场营销 ）,上海外国语大学,德语,1. 高校短视频平台的运营策略及其对校园官媒传播效果研究——以“上外德语系”视频号为例2. 比较文学课程论文3. 某教育平台新媒体运营4. 某教育机构助教,大四,88.23,雅思8(L:9/R:8.5/W:7.5/S:7)
,Y同学,2024/2/17 12:14,2024/2/17 12:14,布里斯托大学,计算机科学理学硕士（可跨申）,西安交通大学,工业设计,1. xx汽车股份有限公司 智能驾驶产品经理2. 基于xx医疗的xx药效预测3. 中国高校计算机大赛2020微信小程序应用开发赛,三年工作经验,81.48,
,Z同学,2024/2/17 12:13,2024/2/17 12:13,康奈尔大学,工程硕士金工方向,滑铁卢大学,金融+统计,1. XX退休金计划2. 某投资管理公司固定收益分析实习3. 蒙特利尔银行交易结算分析实习4. 某教育局财务部财务与风险管理,大四,90.16,免语言，GRE324
,H同学,2024/2/17 12:12,2024/2/17 12:12,康奈尔大学,工程管理工学硕士,阿尔伯塔大学,Computing Science,1. CUHK暑期交流2. 某期刊数据库实习3. 某国企技术工程师,三年工作经验,3.06,免，不考
,Y同学,2024/2/17 12:13,2024/2/17 12:13,悉尼大学,可持续发展硕士,河海大学,海洋科学,1. CMIP5模式中ENSO衰退快慢对西北太平洋夏季风的影响的模拟评估2. 新冠肺炎防控指挥部办公室，街道办事处3. 统侨政协工作组，街道办事处4. 基于卫星遥感的东海赤潮区域的环境因子变化分析,三年工作经验,82,无
,S同学,2024/2/17 12:12,2024/2/17 12:12,悉尼大学,商业法硕士,中国矿业大学（徐州）,法学,1. 上海运帷律师事务所律师助理2. 江苏众连晟律师事务所律师助理3. 上海锦天城（南京）律师事务所实习生4. 第七届全国高校法律援助组织研讨会,已毕业,3.14,暂无
,Y同学,2024/2/17 12:12,2024/2/17 12:12,悉尼大学,商学硕士,,金融学（保险方向）,1. 全国大学生电子商务“创新、创意及创业”挑战赛2. 全国高校商业精英挑战赛,已毕业,82.35,雅思7
,D同学,2024/2/17 12:14,2024/2/17 12:14,悉尼大学,商学硕士,同济大学,市场营销,1. 湖南XX公司实习生2. 华宝证券实习生3. 东方财富实习生4. 单身公寓市场调研分析5. CMAU市场研究与商业策划大赛,大四,71.63,无，不用考
,C同学,2024/2/17 12:16,2024/2/17 12:16,悉尼大学,商学硕士,华南师范大学,金融学（中英合作办学）,1. 民生证券 实习生2. 民生银行 实习生3. 某税务师有限公司审计部审计助理4. 某集团业务发展部 实习生5. 某保险公司 实习生,已毕业,3.07,雅思6.5
,S同学,2024/2/22 12:06,2024/2/22 12:06,悉尼大学,商学硕士,上海财经大学,金融统计,1. 时间序列分析课程报告2. 蜜柚网络科技（上海）有限公司风控运营实习生3. 统计软件课程小组论文,大四,3.43,雅思7.0
,S同学,2024/2/17 12:12,2024/2/17 12:12,悉尼大学,法学硕士,中国矿业大学（徐州）,法学,1. 上海运帷律师事务所律师助理2. 江苏众连晟律师事务所律师助理3. 上海锦天城（南京）律师事务所实习生4. 第七届全国高校法律援助组织研讨会,已毕业,3.14,暂无
,D同学,2024/2/17 12:11,2024/2/17 12:11,悉尼大学,物流与供应链管理硕士,北京交通大学,物流工程,1. 第三届国际供应链建模设计大赛2. 大学生创新创业项目-基于XX需求预测的配送路径优化研究3. 第七届“日日顺”创客训练营4. 雀巢供应链实习,大四,78.8,雅思6.5
,W同学,2024/2/17 12:14,2024/2/17 12:14,斯蒂文斯理工学院,计算机科学理学硕士,苏州大学文正学院,物联网,1. 中国电信实习2. 江苏广电实习,大四,3,多邻国130
,C同学,2024/2/17 12:15,2024/2/17 12:15,新加坡国立大学,中国文化与语言文学硕士,清华大学,历史学,1. 课程论文 中美学界南明文学研究对比2. 土家族祭祀文化调研实践3. 梅兰芳与京剧中虞姬形象的流变,大四,3.71,雅思6.0
,X同学,2024/2/17 12:14,2024/2/17 12:14,新加坡国立大学,企业商业分析科技硕士,慕尼黑工业,企业管理与技术,1. 埃森哲-咨询实习生2. 德国某生产物流和技术管理转移公司-实习生3. 某知名商业分析大赛-队长,大四,80,雅思7.5，GRE331（162+169）
,W同学,2024/2/17 12:14,2024/2/17 12:14,新加坡国立大学,企业商业分析科技硕士,河海大学,大数据管理与应用,1. 字节经营分析实习2. 上海识装信息科技有限公司（得物）实习生3. EY安永实习生4. 牛津大学交换5. 全国大学生商科综合能力大赛6. 江苏省财务数智化大赛：三元股份财务大数据分析7. “正大杯”第十三届全国大学生市场调查与分析大赛：种草平台对消费者购买决策的影响因素机制研究——以Usmile电动牙刷为例8. 大学生创新训练项目——江苏省生态补偿纾困效应研究9. 论文《江苏省流域生态补偿机制的改进策略和纾困效应》10. 论文《Research on spoke-based emergency logistics network in urban clusters in Jiangsu Province（江苏省城市群辐射型应急物流网络研究）》11. 安永风险咨询实习12. 得物实习,大四,4.6,雅思6.5，GRE323
,W同学,2024/2/17 12:11,2024/2/17 12:11,新加坡国立大学,化学科学理学硕士,山东大学（威海）,化学，辅修计算机,1. 国际多边贸易合作组织研究助理2. 美赛H奖3. 数学建模竞赛国家三等奖,大四,86.96,托福98
,Z同学,2024/2/17 12:16,2024/2/17 12:16,新加坡国立大学,安全、健康与环境技术理学硕士,,给排水,1. 某城市污水处理厂实习生2. 课程设计：D市给排水管网设计3. 建筑给水排水工程课程设计4. 给水厂设计5. 课程设计：A市污水处理厂二期工程设计,大四,2.54,雅思6，不考
,J同学,2024/2/17 12:16,2024/2/17 12:16,新加坡国立大学,当代东南亚文学硕士,兰州大学,日语,1. 国家社会科学基金青年项目助研2. 某教育机构语文老师3. 《商品包装中“日系外来词”使用研究》,大四,86.87,雅思7（6）
,S同学,2024/2/17 12:11,2024/2/17 12:11,新加坡国立大学,战略分析与创新理学硕士,上海财经大学,金融统计,1. 时间序列分析课程报告2. 蜜柚网络科技（上海）有限公司风控运营实习生3. 统计软件课程小组论文,大四,3.43,雅思7.0
,T同学,2024/2/17 12:11,2024/2/17 12:11,新加坡国立大学,战略分析与创新理学硕士,清华大学,经济与金融,"1. 中国银行暑期实习生2. 毕马威会计师事务所审计实习生3. 中交资本控股有限公司产业金融中心研究员4. Banco Santander, S.A. Beijing BranchCredit Risk5. Esade (巴塞罗那）交换6. 清华大学第十届创意大赛暨2021清华学生大创意挑战赛 可持续金融赛道 冠军7. 清华大学第十一届“今经乐道”经济热点分析大赛8. 信息管理导论 课程科研期末报告9. 清华大学金融系高峰老师助研项目10. 清华大学自由现金流量课题11. 公共财政学 课程科研报告",大四,3.52,雅思7（6）
,W同学,2024/2/17 12:14,2024/2/17 12:14,新加坡国立大学,智能系统科技硕士,北京理工大学,计算机科学与技术,1. 基于xx平台的实时通信软件项目2. 全国大学生机器人大赛RoboMaster3. 基于xx识别与预测的感知追踪算法,大四,85,雅思7.0
,Z同学,2024/2/17 12:14,2024/2/17 12:14,新加坡国立大学,智能系统科技硕士,清华大学,软件工程,1. 北京某科技有限公司实习生2. 无线移动网络技术课程实验3. 基于区块链技术的生产管理信息系统的研究4. 毕业论文：基于某技术的无线网络的研究,已毕业,3.1,雅思7.5，GRE324
,Z同学,2024/2/17 12:15,2024/2/17 12:15,新加坡国立大学,智能系统科技硕士,南京理工大学,信息管理与信息系统,1. 基于社交媒体数据的可视化叙事策略2. 司法-舆情信息管理及风险分析系统设计3. 卡车-机器人协同配送物流解决方案4. 基于Java的中文自然语言处理软件开发5. 基于C++的坦克大战、扫雷小游戏开发,大四,84,雅思6.5，GRE329
,Z同学,2024/2/17 12:16,2024/2/17 12:16,新加坡国立大学,环境工程理学硕士,浙江大学,环境工程,1. NTU教授科研：Image recognition model building in the context of municipal waste classification2. 毕业设计-污染场地土壤修复工程环境监理案例研究3. 科研创新训练项目-XX技术筛选北极沉积物中的联苯降解菌,已毕业,3.34,雅思6
,X同学,2024/2/17 12:13,2024/2/17 12:13,新加坡国立大学,环境管理理学硕士,曼彻斯特大学,大四，GPA56，无,1. Crowden Brook水质评估科考2. 某环保公司实习生3. 某环境工程公司,,,
,W同学,2024/2/17 12:11,2024/2/17 12:11,新加坡国立大学,经济学硕士,,财务管理,1. 某投资研究院实习生2. 某证券公司投行部实习生3. 某银行实习生,已毕业,86.73,雅思7.0，GMAT 710
,D同学,2024/2/17 12:11,2024/2/17 12:11,新加坡国立大学,统计学理学硕士,华东师范大学,数学与应用数学,1. 大学生创新创业训练项目：小学阶段数学教学相关2. 华东师范大学附属中学学校-实习数学教师,大四,3.64,雅思7.0
,X同学,2024/2/17 12:11,2024/2/17 12:11,新加坡国立大学,统计学理学硕士,上海交通大学,数学与应用数学,1. 民生证券行研2. 某投资管理公司量化分析实习3. 一类化学反应模型的动力学分析,大四,3.68,托福106，GRE329
,F同学,2024/2/17 12:14,2024/2/17 12:14,新加坡国立大学,风险企业创业理学硕士,华南师范大学,传播学,1. 公益传播媒体融合实践2. 中央广播电视总台大湾区之声新媒体实习生3. 培育项目的开发与运营,大四,87.5,雅思7.0
,L同学,2024/2/17 12:14,2024/2/17 12:14,新加坡国立大学,风险企业创业理学硕士,华南农业大学,金融学,1. 丁颖杯” 暨“挑战杯” 广东课外学术科技竞赛校内选拔赛：《xxxxx产品的开发一以xx为例》2. xxxx私募基金管理有限公司-行业分析实习生3. 大学生消费行为及消费导向的计量经济与统计研究,大四,91.4,雅思6.5
,X同学,2024/2/17 12:14,2024/2/17 12:14,新加坡国立大学,风险企业创业理学硕士,河海大学,会计,1. 字节跳动HRBP实习2. 美团HR实习3. 兴业证券 数字财富中心实习4. ACCA校园大使5. BDO 审计实习,大四,88.24,雅思6.5
,L同学,2024/2/17 12:15,2024/2/17 12:15,新加坡国立大学,风险企业创业理学硕士,东北财经大学,工商管理,1. CPCI会议论文：Consumer Preference Analysis and Rating Prediction Model in the Restaurant Industry Based on Restaurant Information and Consumer Reviews2. 埃森哲咨询部门实习生3. 某战略咨询实习4. 某证券理财助理5. 《一砖一瓦建起它的前世今生》,大四,88.44,雅思7.0(L:7.5/R:7.5/W:6.5/S:6.0) ，GRE320
,L同学,2024/2/17 12:11,2024/2/17 12:11,新南威尔士大学,商学硕士,南通大学,商务英语,1. Oliver Wyman奥纬咨询案例大赛2. 江苏xx合金技术股份有限公司 国际市场部实习生3. xx自动化工程股份有限公司 市场部实习生4. 北京大学光华管理学院案例分析大赛5. “互联网+”大学生创新创业大赛-设计校内旧书交易平台,大四,90.37,雅思7
,L同学,2024/2/17 12:15,2024/2/17 12:15,新南威尔士大学,商学硕士,北京科技大学,金融工程,1. 联合资信评级公司债券评级部实习生2. 证券股份有限公司业务部实习生3. 2022年创新创业比赛-智慧农场与数字林业系统设计项目负责人,大四,84.8,雅思7
,W同学,2024/2/17 12:14,2024/2/17 12:14,新南威尔士大学,工程科学硕士（电气工程）,南京工程学院,能源与动力工程,1. 大学生科创项目:新型垂直轴风力机设计和气动分析2. 大唐电力集团电气工程师实习生3. “象新力杯”大学生电力创新竞赛4. NTU线上暑校,大四,81.47,无
,J同学,2024/2/17 12:15,2024/2/17 12:15,新南威尔士大学,法学硕士,广东培正学院,法学,1. 律所实习-实习生2. 民事模拟法庭课设3. 合同落空原则与情势变更原则比较-课程论文,大四,3.3,无
,X同学,2024/2/17 12:13,2024/2/17 12:13,新南威尔士大学,电气工程工学硕士,上海海事大学,船舶电子电气工程,1. 起升变频驱动控制系统2. 2023年度大学生创新创业立项训练计划项目-面对机械工程工件的定位夹持装置,大四,75.65,无
,W同学,2024/2/17 12:12,2024/2/17 12:12,昆士兰大学,传播学硕士（1.5年制）,谢菲尔德大学,数字媒体与社会,1. 某科技公司运培生2. 江苏xx室内建筑设计有限公司实习生3. “算法社交性”如何应用在自己的社交网络经历中4. 关于利用数字营销分析双11购物节的播客5. 关于性别平等的视频如何被呈现在xx平台上6. 关于数字媒体时代问题如何影响了数字社会的发展,已毕业,55,英本免修语言
,Z同学,2024/2/17 12:13,2024/2/17 12:13,昆士兰大学,动物科学硕士（2年制）,上海交通大学,动物科学,1. 某学校农学院教学实验实习场实习生2. 课程设计：遗传学实验3. 应激对机体免疫系统的影响4. 结核分枝杆菌的毒力因子及牛结核病的防控5. 第八届上海大学生创新创业训练计划6. 毕设益生菌耐酸性及胃肠道的缓释递送研究7. 论文8. 论文,已毕业,81.8,无，不需要
,L同学,2024/2/17 12:12,2024/2/17 12:12,昆士兰大学,可持续能源硕士,武汉理工大学,建筑环境与能源应用工程,1. 北京市建筑设计研究院实习工程师2. 相变材料在方腔内熔化特性的数值模拟3. 建筑节能设计,已毕业,82,无，无
,G同学,2024/2/22 12:05,2024/2/22 12:05,昆士兰大学,商业硕士（1.5年制）,武汉科技大学,会计,1. 第四届互联网+大学生创新创业大赛：航翼智能无人机2. 某会计师事务所高级审计员3. 上市公司高管特征和代理成本之间的关系,已毕业,80.15,雅思6.5
,S同学,2024/2/17 12:12,2024/2/17 12:12,昆士兰大学,法学硕士（1年制）,中国矿业大学（徐州）,法学,1. 上海运帷律师事务所律师助理2. 江苏众连晟律师事务所律师助理3. 上海锦天城（南京）律师事务所实习生4. 第七届全国高校法律援助组织研讨会,已毕业,3.14,暂无
,X同学,2024/2/17 12:14,2024/2/17 12:14,曼彻斯特大学,临床生物化学理学硕士,河北北方学院,医学检验技术,1. 沧县疾病预防控制中心实习生2. 沧州市中心医院实习生3. 沧州市中心医院实习生4. 大学生创新创业训练计划项目：关于隔离外界病毒的改进版简易防护口罩“金刚罩”的研究5. 医学检验技术形态学竞赛6. 毕业论文：血常规及贫血三项联合检验对不同孕期妊娠期贫血程度的诊断分析,已毕业,3.53,暂无，不考
,Y同学,2024/2/17 12:15,2024/2/17 12:15,曼彻斯特大学,临床生物化学理学硕士,沈阳药科大学,药事管理,1. xx受体激动剂在帕金森病治疗中的不良反应及合理应用2. 基于疫情背景下安全用药的调查探究-xx医疗的发展3. xx等指标在COPD急性加重期的系统评价4. 我国卫生资源配置问题的研究5. 我国药品市场独占制度研究6. 河北省xx市中心医院实习生,大四,81.37,待考，不考
,W同学,2024/2/17 12:15,2024/2/17 12:15,曼彻斯特大学,传染生物学理学硕士,天津师范大学,生物技术,1. 动植物野外实习组长2. 北京市水产研究所实习学生3. 基因工程实验 利用IPTG诱导大肠杆菌表达重组绿色荧光蛋白EGFP4. 大学生创新创业训练项目校级立项 “继代次数对苇蘑菌株活性的影响”5. 生物技术大实验-Taq DNA聚合酶基因的克隆、表达、纯化及活性分析?6. 毕业设计7. 论文《天津七里海野生苇蘑菌株继代培养基的筛选》8. 论文《黄绿蜜环菌的研究进展》,两年工作经验,84,无
,C同学,2024/2/17 12:15,2024/2/17 12:15,曼彻斯特大学,健康数据科学理学硕士,东北大学秦皇岛分校,信息管理与信息系统,1. 科技公司实习安全服务工程师2. 我的世界数据预测分析3. 基于分布式定时爬虫的舆情分析系统4. 基于RNN和LSTM深度学习的股价预测应用5. 基于R语言的冠心病二分类问题建模研究6. 深度学习、系统开发、数学建模课设,大四,89.36,雅思7.0
,L同学,2024/2/17 12:14,2024/2/17 12:14,曼彻斯特大学,商业项目管理理学硕士,上海大学,会计,1. 某会计师事务所审计助理2. 某企业价值评估3. 某公司顾客价值创造能力分析及股价评估,大四,89,雅思7.5（6.5）
,H同学,2024/2/17 12:15,2024/2/17 12:15,曼彻斯特大学,商业项目管理理学硕士,西交利物浦大学,会计学,1. 立信会计事务所2. 对雀巢公司财务风险和会计策略的调查分析3. “互联网+”大学生创新创业大赛,大四,70,雅思6.5
,L同学,2024/2/17 12:15,2024/2/17 12:15,曼彻斯特大学,商业项目管理理学硕士,东北财经大学,工商管理,1. CPCI会议论文：Consumer Preference Analysis and Rating Prediction Model in the Restaurant Industry Based on Restaurant Information and Consumer Reviews2. 埃森哲咨询部门实习生3. 某战略咨询实习4. 某证券理财助理5. 《一砖一瓦建起它的前世今生》,大四,88.44,雅思7.0(L:7.5/R:7.5/W:6.5/S:6.0) ，GRE320
,C同学,2024/2/17 12:11,2024/2/17 12:11,曼彻斯特大学,国际教育（对外英语教学）文学硕士,中国矿业大学（徐州）,英语,1. 江苏省某初级中学 英语助教2. 徐州市某中学 英语助教3. 江苏省某中学 英语助教,大四,86.49,雅思7.5
,T同学,2024/2/17 12:13,2024/2/17 12:13,曼彻斯特大学,数学金融理学硕士,西交利物浦大学,数学与应用数学,1. 投资管理公司数据分析师2. 证券公司实习生3. APCMC：碳中和4. 数学方法在金融风险评估中的应用,大四,72,雅思7.5
,L同学,2024/2/17 12:13,2024/2/17 12:13,曼彻斯特大学,机械工程设计理学硕士,上海大学,理论与应用力学,1. “华数杯”全国大学生数学建模竞赛2. 基于机器学习的城市植物物种识别与分类3. 地面效应的应用及其原理和实例分析4. 四节点单元有限元方法求解悬臂梁问题5. 梯度材料空心圆筒的对称热应力分析及求解6. 基于理论导引物理信息神经网络方法的湍流热对流求解,大四,83.2,雅思6.5
,G同学,2024/2/17 12:13,2024/2/17 12:13,曼彻斯特大学,机械工程设计理学硕士,上海交通大学,机械,1. 仿生变形机械结构2. 小型航空发动机的设计与制造3. 毕业设计-基于XX的复合振动实现方法研究4. 爬楼梯机器人的设计与制造,已毕业,81.04,雅思6
,S同学,2024/2/17 12:13,2024/2/17 12:13,曼彻斯特大学,机械工程设计理学硕士,上海大学,机械设计制造及其自动化,1. xx国际技术中心内饰结构设计实习生2. 大学生创新创业项目：一种基于XX的定制化运动评分系统3. 机器人关节-XX减速器结构设计,大四,82.4,无
,Y同学,2024/2/17 12:13,2024/2/17 12:13,曼彻斯特大学,管理与信息系统：变化与发展理学硕士,,信息管理与信息系统（金融信息工程方向）,"1. Graduation Thesis, Classification of Discussion Threads in MOOC Forums Based on Neural Network2. Primary Research & Development Engineer, IoT Business Unit, JOYSUCH (Suzhou)3. An Online Q&A System",两年工作经验,88,雅思6.5
,Y同学,2024/2/17 12:13,2024/2/17 12:13,曼彻斯特大学,经济学文学硕士,深圳大学,国际经济与贸易,1. 某科技有限公司实习生2. 国家税务总局某分局,大四,88,雅思7
,Z同学,2024/2/17 12:13,2024/2/17 12:13,曼彻斯特大学,经济学文学硕士,,经济学,1. “互联网+”：抗体研发及产业化研究2. 滴滴综合运营实习生3. 大创项目：线上城市地图,一年工作经验,89,雅思6.5
,Z同学,2024/2/17 12:15,2024/2/17 12:15,曼彻斯特大学,经济学文学硕士,西北农林科技大学,经济学,1. 政府补助对企业投资效率的影响2. 华泰证券行业研究实习生3. 某科技公司mkt实习生,大四,85.11,雅思7.0(L:7.5/R:8.0/W:6.5/S:6.0)
,W同学,2024/2/17 12:15,2024/2/17 12:15,曼彻斯特大学,绿色基础设施理学硕士,汕头大学,环境工程,1. 生态环境检测中心站技术人员2. 无机及分析化学实验3. 物理化学实验4. 建设项目环境影响评价5. 污水处理厂工艺设计,大四,3.39,雅思6.5，不考
,Z同学,2024/2/17 12:13,2024/2/17 12:13,曼彻斯特大学,金融经济学理学硕士,,劳动经济学,1. 海通证券实习生2. 中国石材管理咨询有限公司 实习生3. 芜湖市人民政府 实习生,已毕业,86.5,雅思6.5
,D同学,2024/2/17 12:13,2024/2/17 12:13,曼彻斯特大学,金融经济学理学硕士,,经济学法学双学位,1. 华泰证券 行研实习2. 三六一度（中国）有限公司财务部实习3. 惠普金融科研探究,大四,91.48,雅思7（6），GMAT 690
,H同学,2024/2/17 12:13,2024/2/17 12:13,曼彻斯特大学,金融经济学理学硕士,,金融学,1. 中天汇富基金管理有限公司投资部实习生2. 某银行 实习生3. 某电子有限公司 财务助理实习生,大四,87.5,雅思7（6.0），GMAT670
,Z同学,2024/2/17 12:16,2024/2/17 12:16,曼彻斯特大学,高级工程材料理学硕士,中南民族大学,材料化学,1. 某纳米材料科技有限公司 工艺岗2. 某材料科技有限公司 实验技术人员3. 互联网+校级立项 可降解材料4. 化学材料的克级制备,已毕业,82.21,无
,J同学,2024/2/17 12:13,2024/2/17 12:13,杜伦大学,土木工程理学硕士,湖南大学,土木工程(桥梁工程),1. 建筑公司工程部2. 某某工程局工程部3. 某大桥方案设计及100m连续梁桥结构设计4. 预应力混凝土主梁设计5. 某类型桥型模型设计,一年工作经验,2.99,无
,X同学,2024/2/17 12:14,2024/2/17 12:14,杜伦大学,科学计算与数据分析（地球与环境科学）理学硕士,桂林电子科技大学,计算机科学与技术,1. 某科技公司产品开发2. 某数据科技公司数据运营3. 某科技公司数据分析师4. 简易校园导航系统5. 毕设《医保助手APP的设计与实现》,三年以上工作经验,86.4,在准备，不考
,W同学,2024/2/17 12:13,2024/2/17 12:13,格拉斯哥大学,信息技术理学硕士,天津师范大学,生物技术,1. 动植物野外实习组长2. 北京市水产研究所实习学生3. 基因工程实验 利用IPTG诱导大肠杆菌表达重组绿色荧光蛋白EGFP4. 大学生创新创业训练项目校级立项 “继代次数对苇蘑菌株活性的影响”5. 生物技术大实验-Taq DNA聚合酶基因的克隆、表达、纯化及活性分析?6. 毕业设计7. 论文《天津七里海野生苇蘑菌株继代培养基的筛选》8. 论文《黄绿蜜环菌的研究进展》,两年工作经验,84,无
,W同学,2024/2/17 12:12,2024/2/17 12:12,格拉斯哥大学,全球经济理学硕士,华东理工大学,经济学,1. 久远谦长PTA Intern2. 华安基金券商业务组助理3. 碧迪医疗器械（上海）有限公司财务实习生4. 兴业证券股份有限公司股权承做岗5. “互联网+”大学生创新创业大赛——基于纳米递药系统的抗肝纤维化靶向药物创新研发6. “正大杯”全国大学生市场分析与调查大赛二等奖,大四,80.16,托福103(L:27/R:29/W:24/S:23)
,J同学,2024/2/17 12:12,2024/2/17 12:12,格拉斯哥大学,全球经济理学硕士,北京师范大学珠海分校,会计学,1. 广州某电梯工程有限公司出纳2. 北京某会计师事务所 审计助理3. 《疫情背景下全球经济发展预测》4. 课程设计：《某乳业公司预测报告》,已毕业,82,待考，不考
,C同学,2024/2/17 12:12,2024/2/17 12:12,格拉斯哥大学,城市交通理学硕士,南京航空航天大学,交通运输（机场运行与管理）,1. 南京魔梵信息科技有限公司2. 北京首都国际机场3. 中国邮政航空有限责任公司,三年以上工作经验,85,雅思6
,M同学,2024/2/17 12:13,2024/2/17 12:13,格拉斯哥大学,城市交通理学硕士,长沙理工大学,交通工程,1. 上海建工七建集团第三工程公司技术员2. 上海建工七建集团第三工程公司技术员3. 长沙市劳动西路-白沙路交叉口交通组织优化设计4. 课设《 某过江通道规划设计》5. 课程设计《加州高速公路交通数据处理及预测分析》6. 毕业论文《综合主客观因素的城市非机动车评价与优化》7. 长沙市劳动西路-白沙路交叉口交通组织优化设计8. 课设《 某过江通道规划设计》9. 课程设计《加州高速公路交通数据处理及预测分析》10. 毕业论文《综合主客观因素的城市非机动车评价与优化》,已毕业,82.27,六级450，无
,W同学,2024/2/17 12:15,2024/2/17 12:15,格拉斯哥大学,经济、国际银行与金融理学硕士,华东理工大学,经济学,1. 久远谦长PTA Intern2. 华安基金券商业务组助理3. 碧迪医疗器械（上海）有限公司财务实习生4. 兴业证券股份有限公司股权承做岗5. “互联网+”大学生创新创业大赛——基于纳米递药系统的抗肝纤维化靶向药物创新研发6. “正大杯”全国大学生市场分析与调查大赛二等奖,大四,80.16,托福103(L:27/R:29/W:24/S:23)
,W同学,2024/2/17 12:15,2024/2/17 12:15,格拉斯哥大学,经济发展理学硕士,华东理工大学,经济学,1. 久远谦长PTA Intern2. 华安基金券商业务组助理3. 碧迪医疗器械（上海）有限公司财务实习生4. 兴业证券股份有限公司股权承做岗5. “互联网+”大学生创新创业大赛——基于纳米递药系统的抗肝纤维化靶向药物创新研发6. “正大杯”全国大学生市场分析与调查大赛二等奖,大四,80.16,托福103(L:27/R:29/W:24/S:23)
,Y同学,2024/2/17 12:13,2024/2/17 12:13,格拉斯哥大学,软件开发理学硕士,西安交通大学,工业设计,1. xx汽车股份有限公司 智能驾驶产品经理2. 基于xx医疗的xx药效预测3. 中国高校计算机大赛2020微信小程序应用开发赛,三年工作经验,81.48,
,W同学,2024/2/17 12:13,2024/2/17 12:13,格拉斯哥大学,软件开发理学硕士,天津师范大学,生物技术,1. 动植物野外实习组长2. 北京市水产研究所实习学生3. 基因工程实验 利用IPTG诱导大肠杆菌表达重组绿色荧光蛋白EGFP4. 大学生创新创业训练项目校级立项 “继代次数对苇蘑菌株活性的影响”5. 生物技术大实验-Taq DNA聚合酶基因的克隆、表达、纯化及活性分析?6. 毕业设计7. 论文《天津七里海野生苇蘑菌株继代培养基的筛选》8. 论文《黄绿蜜环菌的研究进展》,两年工作经验,84,无
,W同学,2024/2/17 12:15,2024/2/17 12:15,格拉斯哥大学,金融经济学理学硕士,华东理工大学,经济学,1. 久远谦长PTA Intern2. 华安基金券商业务组助理3. 碧迪医疗器械（上海）有限公司财务实习生4. 兴业证券股份有限公司股权承做岗5. “互联网+”大学生创新创业大赛——基于纳米递药系统的抗肝纤维化靶向药物创新研发6. “正大杯”全国大学生市场分析与调查大赛二等奖,大四,80.16,托福103(L:27/R:29/W:24/S:23)
,G同学,2024/2/17 12:12,2024/2/17 12:12,波士顿大学,经济学硕士,上海财经大学,投资学,1. 数模竞赛2. 某券商行研实习3. 某金融公司数据分析实习,大四,3.26,托福103，GRE320
,L同学,2024/2/17 12:12,2024/2/17 12:12,波士顿大学,经济学硕士,北京师范大学-香港浸会大学联合国际学院,财务管理,1. 某会计公司审计实习2. 某银行实习3. 某银行实习,大四,3.82,托福101
,W同学,2024/2/17 12:12,2024/2/17 12:12,波士顿大学,经济学硕士,上海财经大学,国际金融,1. 申万宏源证券投行部实习2. 某基金管理公司渠道管理实习3. 兴业证券固收债券实习,大四,2.95,雅思7，GRE324
,Z同学,2024/2/17 12:14,2024/2/17 12:14,波士顿大学,计算机科学硕士,,日语,1. 机器学习项目实战2. 中国移动信息安全中心实习3. 中国移动online信息科技部门实习4. python日语词汇应用程序开发,大四,4.39,托福95
,Y同学,2024/2/17 12:16,2024/2/17 12:16,澳大利亚国立大学,应用金融学硕士,,金融学（保险方向）,1. 全国大学生电子商务“创新、创意及创业”挑战赛2. 全国高校商业精英挑战赛,已毕业,82.35,雅思7
,L同学,2024/2/17 12:13,2024/2/17 12:13,爱丁堡大学,健康体育活动理学硕士,北京工业大学,市场营销（体育特长班）,1. 互联网+ ：无人机采摘项目推广策划书2. 互联网经济相关一作论文3. 电商相关一作论文4. 互联网+：基于神经网络的智能垃圾桶项目策划书5. 足球教练实习,大四,85.96,无
,L同学,2024/2/17 12:12,2024/2/17 12:12,爱丁堡大学,儿童与青少年心理健康：心理学方法理学硕士,中华女子学院,心理学,1. 江西省上饶中学实习教师2. 江西省上饶中学实习教师3. 大学生创新创业项目4. 毕业论文,已毕业,3.58,雅思6.5，不考
,Z同学,2024/2/17 12:13,2024/2/17 12:13,爱丁堡大学,全球健康政策理学硕士,北京体育大学,体育经济与管理,1. 马拉康咨询公司管理咨询实习生2. 沐坤嬴晟（北京）信息咨询服务有限公司策划案专员3. 普华永道商务咨询（上海）有限公司管理咨询实习生4. 温州希望星少年儿童文化发展有限公司研学主任/研学教官5. 启行营地教育咨询有限公司活动设计导师6. 康比特加速系列产品市场推广策略7. 厦门市新建体育中心可行性研究报告8. 中国青少年足球联赛知名度提升方法和路径研究——以日本高中足球联赛为例,已毕业,84.1,雅思6.5
,Y同学,2024/2/17 12:11,2024/2/17 12:11,爱丁堡大学,创新、技术与法律法学硕士,北京交通大学,交通运输/辅修法学,1. 国家级项目——某中心站作业调度仿真平台设计与实现2. 课设-最大车辆编队长度对异质交通流影响研究3. 区段站设计,大四,86.2,雅思7（6）
,T同学,2024/2/17 12:11,2024/2/17 12:11,爱丁堡大学,商法法学硕士,北京航空航天大学,法学,1. 甘李药业股份有限公司法务部实习2. 北京市中伦律师事务所北京办公室实习生3. 关于著作权法定赔偿制度的适用失范与回归调适的研究,大四,88.13,雅思7.5
,W同学,2024/2/17 12:11,2024/2/17 12:11,爱丁堡大学,商法法学硕士,,法学,1. 律所实习2. 国家级大创项目——裁判文书分析3. 理律杯模拟法庭,已毕业,88.63,雅思6.5（6）
,W同学,2024/2/22 12:05,2024/2/22 12:05,爱丁堡大学,国际经济法法学硕士,,法学,1. 农村信用社实习生2. 律所实习生3. 民事模拟法庭4. 预防原则相关论文,大四,3.84,无，无
,L同学,2024/2/22 12:06,2024/2/22 12:06,爱丁堡大学,管理学理学硕士,,工商管理,1. 全国大学生创新创业大赛：基于xxx的游客情绪波动影响机制研究-队长2. 第十六届挑战杯：藏区农牧民创业相关的研究-省级二等奖3. 国家社会科学基金:关于藏区扶贫成果的研究-成员,大四,86.62,雅思7.0，无
,Z同学,2024/2/17 12:13,2024/2/17 12:13,爱丁堡大学,经济学理学硕士,北京工业大学,金融学,1. GGDP or GDP: Economic Efficiency Give or Gain2. 2022年第十二届亚太地区大学生数学建模竞赛3. “漆彩世界”，让文化多一点色彩4. 第十七届“花旗杯”金融创新应用大赛5. 新兴线下游戏业态行业分析及前景预测——以剧本杀为例,大四,91.77,雅思7(L:7.5/R:8/W:6/S:5.5)
,W同学,2024/2/17 12:13,2024/2/17 12:13,爱丁堡大学,经济学（金融）理学硕士,华南农业大学+莫纳什大学（2+2）,经济学+bachelor of business: business strategy and ec,1. 广东信展私募基金管理有限公司实习生2. 广州穗开股权投资有限公司实习生3. 计量经济学课程设计 对星巴克的在中国大陆的门店数量及其分布进行研究4. 消费经济学课程设计：Issues in the gym industry and government policies,大四,92.18,雅思7.0
,W同学,2024/2/17 12:15,2024/2/17 12:15,爱丁堡大学,运筹学与计算优化理学硕士,中国矿业大学（徐州）,统计学,1. 投资公司证券数据分析实习生2. 数据分析师助理实习3. 美国全国大学生数学建模竞赛4. 五一数学建模竞赛5. 全国大学生数学建模竞赛6. “华数杯”全国大学生数学建模竞赛7. 全国大学生数学建模竞赛8. “华数杯”全国大学生数学建模竞赛,大四,87.59,无
,F同学,2024/2/17 12:15,2024/2/17 12:15,爱丁堡大学,运筹学与计算优化理学硕士,,信息与计算科学,1. 基于机器学习的股票投资布局行为挖掘研究2. 2022年数学建模竞赛（基于 SEIR 模型对新冠病毒的发展情况进行分析与预测 ）3. 利用MFC平台进行河南省旅游目的地介绍的程序的编写,大四,88,雅思6.5
,L同学,2024/2/17 12:12,2024/2/17 12:12,爱丁堡大学,高性能计算与数据科学理学硕士,西交利物浦大学,数据科学与大数据技术,1. 阿里巴巴集团控股有限公司商业智能部—数据分析实习生2. 第五届高斯杯数学建模联赛—组长3. 中华文化书法识别项目—组长,大四,70,托福96
,C同学,2024/2/17 12:12,2024/2/17 12:12,爱丁堡大学,高性能计算与数据科学理学硕士,西交利物浦大学,计算机科学,1. Game based on Java Programming2. Water Recycling System3. Implementation of SDN Network Topology Redirect Control,大四,73,雅思7
,L同学,2024/2/17 12:12,2024/2/17 12:12,爱丁堡大学,高性能计算与数据科学理学硕士,,数据科学与大数据技术,1. 毕业设计：《基于人脸识别的疲劳检测系统》2. xx研究院有限公司 Java开发实习生3. 基于Python的职位数据分析,已毕业,87.05,雅思:7.0(L:7.0/R:8.5/W:6.0/S:6.5)，GRE:328
,X同学,2024/2/17 12:14,2024/2/17 12:14,约克大学（英国）,金融经济学理学硕士,湖南工商大学,金融学（CFA）,1. 某股份有限公司财务部审计实习生2. 某银行信用管理部实习生3. 第七届金融投资分析大赛二等奖,大四,79.81,无
,Y同学,2024/2/17 12:13,2024/2/17 12:13,约翰霍普金斯大学,教育科学硕士 - 国际教学和全球领导力队列,华南师范大学,英语,1. 支教2. 某教育公司英语老师3. 某教育局行政助理4. 论文发表,大四,89.6,雅思8，无
,X同学,2024/2/17 12:14,2024/2/17 12:14,约翰霍普金斯大学,材料科学与工程理学硕士,上海应用技术大学,材料,1. 某航天研究所实习2. 抗冲击聚氨酯/陶瓷复合材料的制备及性能研究,大四,88.66,雅思7
,C同学,2024/2/17 12:12,2024/2/17 12:12,纽卡斯尔大学（英国）,人机交互理学硕士,牡丹江师范学院,计算机科学与技术,1. xx信息科技网络公司培训员2. xx软件学院前端开发3. xxx网络科技有限公司网络运营4. 基于 xx盲盒交友系统设计与开发,大四,81.91,无
,S同学,2024/2/17 12:15,2024/2/17 12:15,纽卡斯尔大学（英国）,法学硕士,北京物资学院,法学,1. 银行法律助理2. 北京某律所律师助理3. 北京某公司合规部实习生,大四,3.27,暂无
,Z同学,2024/2/17 12:14,2024/2/17 12:14,纽卡斯尔大学（英国）,电脑游戏工程理学硕士,重庆邮电大学,计算机科学与技术,1. 区块链领域海外实习生2. 毕业设计：环境感知算法设计与实现3. 课程设计：利用知识图谱发现药物4. AIGC X POEM NFT5. 家庭机器人服务控制系统,已毕业,81.26,雅思:7
,C同学,2024/2/17 12:14,2024/2/17 12:14,纽卡斯尔大学（英国）,自动化与控制理学硕士,西交利物浦,电气工程及其自动化,1. 集成电路制造工艺及nmosfet集成电路设计2. 国网江苏省电力有限公司，规划部实习生3. 环境监测蜘蛛仿生机器人,大四,55,雅思6.5
,W同学,2024/2/17 12:14,2024/2/17 12:14,纽约大学,应用城市科学与信息学硕士,南京审计大学,管理与信息系统,1. XX大数据科技公司 数据工程实习生2. 美赛 M奖3. 计算机软件著作权,大四,84,托福106
,L同学,2024/2/17 12:14,2024/2/17 12:14,纽约大学,应用城市科学与信息学硕士,南京审计大学,审计学,1. 审计局审计实习2. 埃森哲咨询部门实习3. 某公司财务部实习,大四,3.61,托福108
,W同学,2024/2/17 12:15,2024/2/17 12:15,纽约大学,应用城市科学与信息学硕士,,地理,1. 某证券公司数据分析实习2. 校杂志实习3. 课程设计,大四,4.31,雅思7.0
,Z同学,2024/2/17 12:11,2024/2/17 12:11,纽约大学,生物统计硕士,昆山杜克大学,数据科学,1. 中科院数据分析实习2. 大数据管理中心数据分析实习3. 某软件公司数据分析实习4. 基于机器学习的出血转化(HT)预测研究,大四,3.55,托福105，GRE323
,D同学,2024/2/17 12:11,2024/2/17 12:11,纽约大学,生物统计硕士,首都师范大学,数学与应用数学,1. 数学建模项目2. 普渡大学暑期项目3. Kaggle初学者房价预测竞赛4. 参与搭建DNA测序数据分析平台,大四,3.15,雅思8，GRE325
,W同学,2024/2/17 12:14,2024/2/17 12:14,纽约大学,金融工程硕士,University of Waterloo,金融风险管理,1. 中信建投量化分析实习2. 字节国际化产品运营实习3. 某Research公司实习项目经理,大四,88.14,免语言
,Y同学,2024/2/17 12:14,2024/2/17 12:14,纽约大学,金融工程硕士,南京信息工程大学,金融工程,1. 兴业证券数据分析实习2. 华泰证券量化分析实习3. 立信会计师事务所信息技术实习,大四,4.18,雅思7.5，GRE321
,L同学,2024/2/17 12:15,2024/2/17 12:15,纽约大学,金融工程硕士,西交利物浦大学,金融数学,1. 某证券公司债券融资部实习2. 平安保险战略资产配置部实习3. 课程设计若干,大四,3.95,雅思7，GRE320
,L同学,2024/2/17 12:13,2024/2/17 12:13,罗切斯特大学,市场营销分析硕士,上海理工大学,广告学,1. bilibili品牌营销部实习生2. 阳狮媒介策划实习生,大四,3.77,雅思7
,C同学,2024/2/17 12:12,2024/2/17 12:12,莫纳什大学,人工智能硕士,湖南工业大学,网络工程,1. 珠海泰坦新动力电子有限公司软件开发工程师2. 基于ResNet50的新冠肺炎图像识别系统（毕业设计）3. 基于神经网路的手写数字识别（课程设计）4. 个人项目：基于pytorch的垃圾信息识别系统5. 专利《一种贮能式家用热能系统及其贮能方法》,一年工作经验,2.71,待考，不考
,Y同学,2024/2/17 12:13,2024/2/17 12:13,莫纳什大学,传播与媒体研究硕士,江南大学,教育技术学(师范）,1. 某科学院计算机网络信息中心生产与创新助理2. 某师范大学智能学习研究所研究助理3. 国家大学生创新创业训练计划4. 中国创意挑战赛5. iTeach全国大学生数字教育应用创新大赛6. 基于RPG模式的历史教育游戏资源设计研究7. 教育信息化视域2.0下语文教学困境破解与策略研究8. 不同可视化实时互动界面XX反馈的影响研究,已毕业,89,暂无
,W同学,2024/2/17 12:11,2024/2/17 12:11,莫纳什大学,数据科学硕士,上海立信会计金融学院,房地产开发与管理,1. 以美团外卖为例进行内外部环境分析2. 美国住房金融体系研究3. 美团app产品分析与新功能设计4. 第十四届全国大学生房地产策划大赛：《荟萃壹堂》5. 上海百联全渠道电子商务有限公司直播运营实习生,大四,87.84,无
,G同学,2024/2/22 12:06,2024/2/22 12:06,莫纳什大学,数据科学硕士,武汉理工大学,统计学,1. 数学建模公选课结课论文2. 新生数学建模竞赛大二组3. 多元统计分析课设4. 毕业论文：基于xx模型对武汉市预测研究,已毕业,81.59,待考，不考
,S同学,2024/2/17 12:12,2024/2/17 12:12,莫纳什大学,法学硕士,中国矿业大学（徐州）,法学,1. 上海运帷律师事务所律师助理2. 江苏众连晟律师事务所律师助理3. 上海锦天城（南京）律师事务所实习生4. 第七届全国高校法律援助组织研讨会,已毕业,3.14,暂无
,T同学,2024/2/17 12:16,2024/2/17 12:16,莫纳什大学,银行与金融硕士,上海海洋大学,行政管理,1. 毕业设计：《公海保护区管理机制问题研究》2. 绩效管理：平衡计分卡在税务部门的应用,已毕业,2.95,无
,L同学,2024/2/17 12:15,2024/2/17 12:15,西北大学（美国）,传播学硕士,纽约大学,影视制作,1. Strategies for Independent Producing课程设计2. 上海某传媒公司制作组实习3. 上海某传媒公司纪录片中心助理导演4. 湖南某传媒公司电视导演实习5. Entertainment& Media Industry课程设计,已毕业,3.93,waive，GRE328
,P同学,2024/2/17 12:12,2024/2/17 12:12,西北大学（美国）,计算机工程硕士,罗格斯大学,计算机,1. 支付宝助理数据分析实习2. 某风投管理公司数据分析实习3. JavaFX照片管理工具,大四,3.56,免语言，GRE337
,P同学,2024/2/17 12:12,2024/2/17 12:12,西澳大学,战略传播学硕士,北京理工大学珠海学院,日语,1. 广州xx信息科技有限公司运营顾问管培生2. 广东博物馆宣教部实习生,已毕业,78.58,无
,Y同学,2024/2/17 12:16,2024/2/17 12:16,诺丁汉大学,信息系统与经营管理理学硕士,天津工业大学,信息管理与信息系统,1. XX公司 财务数据分析助理2. XX软件公司 数据分析助理,已毕业,79.28,无
,C同学,2024/2/17 12:14,2024/2/17 12:14,诺丁汉大学,教育学文学硕士,西交利物浦,电气工程及其自动化,1. 集成电路制造工艺及nmosfet集成电路设计2. 国网江苏省电力有限公司，规划部实习生3. 环境监测蜘蛛仿生机器人,大四,55,雅思6.5
,Z同学,2024/2/22 12:06,2024/2/22 12:06,诺丁汉大学,食品生产管理理学硕士,上海应用技术大学,香料香精技术与工程,1. 芬美意香料（中国）有限公司（上海）材料学实习生2. 关于表面活性剂在香料领域应用与进展的研究3. 纳米技术在香料领域的应用及其可持续性的研究,大四,82,无
,W同学,2024/2/17 12:15,2024/2/17 12:15,谢菲尔德大学,信息系统理学硕士,青岛理工大学,信息管理与信息系统（校企合作）,1. 医药集团实习生2. 电子商务平台搭建3. JAVA课程设计4. 银行电话精准营销数据分析5. 二手交易平台信息系统分析与设计,已毕业,80.12,无
,W同学,2024/2/17 12:14,2024/2/17 12:14,谢菲尔德大学,城市与区域规划理学硕士,天津城建大学,建筑,1. 华瑞国际项目管理有限公司 实习生2. 天津城建大学设计院实习生3. 天津地区特朗勃墙性能的实验研究4. 计算机网络工程用数据采集装置5. 基于深度学习的建筑方案生成 Deep Learning Based Architectural Scheme Generation,大四,85.08,无
,J同学,2024/2/17 12:16,2024/2/17 12:16,雷丁大学,环境管理理学硕士,同济大学,环境科学,1. 金属有机骨架材料合成过程生命周期评价与分析2. 利用MOFs材料去除污水中硅的研究,已毕业,68,无
,Y同学,2024/2/17 12:12,2024/2/17 12:12,香港中文大学,信息工程理学硕士,华中科技大学,计算机科学和技术,1. 利用正则表达式求解数独2. 微信小程序设计3. NUS交换,大四,3.55,托福94
,L同学,2024/2/17 12:12,2024/2/17 12:12,香港中文大学,信息工程理学硕士,,计算机科学与技术,1. 社交网络分析SNA进行政务舆论数字传播分析以及自动化政务舆论报告生成的研究2. 股票风险预警 ：基于文本分析与神经网络的风险评估工具3. C--语言编译器,大四,83,托福97
,J同学,2024/2/17 12:15,2024/2/17 12:15,香港中文大学,国际经济法法学硕士,中国政法大学,法学,1. 北京某律所国际贸易救济团队实习生2. 广西某律所高端法律服务团队实习生3. 法院实习生,大四,87,雅思7
,Z同学,2024/2/17 12:11,2024/2/17 12:11,香港中文大学,物理学理学硕士,湖南师范大学,应用物理,1. Research on Iris Recognition System and Recommendations for Its Future Development2. Contemporary Undergraduate Mathematical Contest in Modelling3. Research on the Algorithm based on the Ground State Properties of Helium Atom4. PSD Displacement Testing Experiment,大四,84.57,雅思6.5
,Z同学,2024/2/17 12:15,2024/2/17 12:15,香港中文大学,电子工程理学硕士,,电气工程及其自动化,1. 论文发表2. 论文发表3. 课设,大四,3.3,雅思6.5
,M同学,2024/2/17 12:16,2024/2/17 12:16,香港中文大学,电子工程理学硕士,北京邮电大学,电信工程及管理,1. 北京初联科技有限公司实习生2. 基于微处理器设计的四足自走机器人3. 云享办公——基于VR端的虚拟世界办公室平台 第八届中国国际“互联网＋”大学生创新创业大赛4. 基于5G通信系统设计的缺陷地结构带阻滤波器5. 图形与视频处理——课程大作业,大四,3.39,雅思7.5
,Z同学,2024/2/17 12:13,2024/2/17 12:13,香港城市大学,可持续与发展研究社会科学硕士,华南师范大学,财务管理,1. 某控股公司-投资管理实习生2. 港大暑校,大四,80.6,雅思6.5
,Z同学,2024/2/17 12:13,2024/2/17 12:13,香港城市大学,可持续与发展研究社会科学硕士,西北大学（中国）,行政管理,1. 社会资本视角下互助养老模式的可持续发展之路2. xxx护理院实习3. xx市xx区政府就业促进科实习生4. 课程设计：后疫情时代xx市xx经济运营对城市居民幸福度的影响研究,大四,86.69,托福93
,C同学,2024/2/17 12:15,2024/2/17 12:15,香港城市大学,国际会计学文学硕士,郑州大学,大四，GPA85，雅思6.5（5.5），无,1. 某企业近三年成本控制及构成2. ESG表现对企业xx改善的影响3. 华泰证券行研实习生4. 信永中和会计师事务所 审计实习生,,,
,D同学,2024/2/17 12:16,2024/2/17 12:16,香港城市大学,国际会计学文学硕士,南京农业大学,会计学,1. 财务实习2. 华泰证券-定量实习生3. 公司-项目管理实习生,已毕业,85.63,雅思6.5
,W同学,2024/2/17 12:16,2024/2/17 12:16,香港城市大学,国际会计学文学硕士,郑州大学,会计学,1. 河南华阳电气科技 财务管理培训生2. 新乡市和谐文化有限公司 财务助理3. 均富会计师事务所 审计实习生,大四,85.18,雅思6.5
,Z同学,2024/2/17 12:12,2024/2/17 12:12,香港城市大学,国际研究文学硕士,,日语语言文学,1. 日本文化相关的研究2. 人大常委会的实习3. 上海某公司人力资源部门实习4. 区域协调相关的研究5. 公共政策相关的研究6. 日本文化相关的研究,大四,3.12,雅思6.5
,Y同学,2024/2/17 12:11,2024/2/17 12:11,香港城市大学,数据科学理学硕士,上海交通大学,环境科学与工程,1. 不可约表示在群论中的应用2. 网络动力学3. 球堆积问题与编码学4. 基于WRF和CMAQ模型下的中国臭氧浓度分布的时空规律研究,已毕业,77,雅思7
,Z同学,2024/2/17 12:11,2024/2/17 12:11,香港城市大学,数据科学理学硕士,北京科技大学,人工智能,1. 哥大交换2. 眼病多分类问题的研究3. 利用人工智能进行眼科疾病诊断,大四,3.56,托福105
,Z同学,2024/2/17 12:15,2024/2/17 12:15,香港城市大学,数据科学理学硕士,,电子商务,1. 校级大学生创新创业项目2. 直播电商实习3. 互联网+全国大学生创新创业大赛,已毕业,83.5,雅思7
,G同学,2024/2/17 12:16,2024/2/17 12:16,香港城市大学,数据科学理学硕士,,数据科学与大数据技术,"1. 中国银河证券股份有限公司 数字金融中心 数据分析师2. MCM/ICM美国大学生数学建模大赛,M奖3. 大创-深度强化学习差分隐私技术研究",大四,82.6,雅思6.5
,Z同学,2024/2/17 12:13,2024/2/17 12:13,香港城市大学,整合营销传播文学硕士,华南师范大学,传播学,1. 校级大学生创新创业大赛，《xx模式下乡村小学生的自主发展路径研究——以xxx为例 》2. 14届全国大学生广告艺术大赛,大四,86.9,雅思6.5
,C同学,2024/2/17 12:13,2024/2/17 12:13,香港城市大学,整合营销传播文学硕士,合肥工业大学,网络与新媒体,1. 某科技公司助理产品运营专员2. xx网新媒体运营实习3. 电视台实习编辑,大四,87.95,雅思7
,C同学,2024/2/17 12:15,2024/2/17 12:15,香港城市大学,智能半导体制造理学硕士,华南师范大学,光电信息科学与工程,1. 深圳xx科技有限公司研发部助理工程师2. FPGA数字钟设计3. Zemax光学设计4. 基于xx调制的光纤折射率传感原理的湿度测量系统,一年工作经验,83.34,CET-6:478
,F同学,2024/2/17 12:15,2024/2/17 12:15,香港城市大学,智能半导体制造理学硕士,郑州大学,电子信息工程,1. 基于常用芯片的波形输出设计2. 壹启新能源科技有限公司3. 西子清洁能源装备制造股份有限公司,大四,82.64,531
,G同学,2024/2/17 12:11,2024/2/17 12:11,香港城市大学,法学硕士,华东政法大学,数量金融+法学,1. 宁夏黄河农村商业银行银川市鼓楼支行实习生2. 法院实习3. 关于我国量刑中对法官自由裁量权规制的研究,大四,3.93,雅思6.5
,Z同学,2024/2/17 12:11,2024/2/17 12:11,香港城市大学,法学硕士,华东政法大学,边防管理二学位法学,1. 关于新时期高校职务犯罪治理的分析2. 检察院实习3. 法院实习,大四,3.93,雅思6.5
,S同学,2024/2/17 12:11,2024/2/17 12:11,香港城市大学,法学硕士,,法学,1. 江苏某律所资本市场及证券部实习生2. 江苏某律所律师助理3. 江苏某中级人民法院民事第一庭法官助理,已毕业,81.5,雅思7.5
,L同学,2024/2/17 12:11,2024/2/17 12:11,香港城市大学,法学硕士,中国政法大学,法学,1. 关于正当防卫与防卫过当界限的研究2. 广东兆鹏律师事务所律师助理3. 东莞市第三人民法院民事审判第一庭实习生,已毕业,83.27,雅思6.5
,C同学,2024/2/17 12:13,2024/2/17 12:13,香港城市大学,生物医学工程理学硕士,广东药科大学,药学,1. 医院陪诊科研项目2. 某实验室实习3. 维生素xx的质量控制研究进展4. 女贞子中xx的提取分离和鉴定5. xx的LD50的探究6. 桃潜在药理活性的探究,大四,3.53,雅思6.0
,S同学,2024/2/17 12:14,2024/2/17 12:14,香港城市大学,营运与供应链管理理学硕士,上海海事大学,交通运输,1. 全国大学生电商物流与供应链创新精英挑战赛2. 某集团关税部助理实习生3. 上海市大学生创业决策仿真大赛,大四,88.1,雅思7
,Z同学,2024/2/17 12:12,2024/2/17 12:12,香港城市大学,计算机科学理学硕士,北京科技大学,人工智能,1. 哥大交换2. 眼病多分类问题的研究3. 利用人工智能进行眼科疾病诊断,大四,3.56,托福105
,Z同学,2024/2/17 12:11,2024/2/17 12:11,香港城市大学,金融工程学理学硕士,上海大学,信息与计算科学,1. xx环保科技有限公司实习生2. xx环保科技股份有限公司数据分析实习生3. 毕设,已毕业,85.15,六级570，无
,L同学,2024/2/17 12:15,2024/2/17 12:15,香港大学,会计学硕士,,会计学,1. 投资管理公司投资助理2. 方正证券销售助理3. 大创项目：城市赋能改造计划,大四,86,雅思7
,W同学,2024/2/17 12:13,2024/2/17 12:13,香港大学,创新设计与科技（工程）理学硕士,香港科技大学,电子工程,1. 电子电气工程专题：新能源电动汽车技术研究2. 华为政企大客户服务部实习3. 信号与系统小组作业4. 电子电路个人项目,大四,2.98,雅思7.0
,Z同学,2024/2/17 12:15,2024/2/17 12:15,香港大学,可持续环境设计理学硕士,北京交通大学,建筑学,1. 北京清华同衡规划设计研究院实习生2. 城市航站楼综合体建筑设计3. 城市综合交通系统与滨水空间体系复合设计研究,大四,84.3,雅思6.5
,Z同学,2024/2/17 12:15,2024/2/17 12:15,香港大学,可持续环境设计理学硕士,悉尼大学,建筑与环境,1. 毕业设计：龙舟俱乐部与造船学校设计2. 某工艺厂有限公司外贸实习3. 课程设计: 设计集成实验室,大四,65.65,无需
,Q同学,2024/2/17 12:15,2024/2/17 12:15,香港大学,可持续环境设计理学硕士,北京林业大学,风景园林,1. 校级实践团:景观传记—北京滨水空间的探寻与记录实践团2. RAC STUDIO & ZHUGE COMING “云南洱源（右所）Building Practice”3. 2023年成都公园城市国际花园季暨第六届北林国际花园建造周设计竞赛4. 大学生创新训练：《永定河引水渠河流环境、活力、居民情绪感知三者相关性研究及更新策略》,大四,88.82,托福95(L:23/R:27/W:22/S:23)
,L同学,2024/2/17 12:15,2024/2/17 12:15,香港大学,哲学、政治与经济学文学硕士,,经济学,1. 大学学生研究计划(SRP)2. 某保险有限公司实习3. 哲学社会科学规划立项项目4. 论文发表,大四,3.59,雅思7.5
,Z同学,2024/2/22 12:06,2024/2/22 12:06,香港大学,哲学、政治与经济学文学硕士,,行政管理,1. 上海市杨创集团办公室实习生2. 中智咨询公司战略部实习生3. 政府党建办公室实习生,大四,3.29,暂无
,W同学,2024/2/17 12:14,2024/2/17 12:14,香港大学,心理学社会科学硕士,,金融学,1. 公司副总经理& 合伙人（持股），浙江xx人力资源有限公司2. 培训专员（实习生），人力资源部，上海索迪斯管理有限公司北京分公司3. 猎头业务负责人，公司副总经理,三年以上工作经验,86,雅思7.0
,W同学,2024/2/17 12:14,2024/2/17 12:14,香港大学,技术与知识产权法法学硕士,华东政法大学,法学,1. 江苏xx律师事务所律师助理2. xx市司法局助理3. 知产论文 商标侵权的判断标准——兼评“本田案”、“东风案”4. 毕业论文——《论个人信息与隐私权的界分》,已毕业,3.73,雅思7.5，不考
,L同学,2024/2/17 12:12,2024/2/17 12:12,香港大学,机械工程（工程）理学硕士,安徽大学,机械设计制造及其自动化,1. 灵动科技有限公司2. 电子实训3. 表面电极结构设计及其对压电元件振动性能影响分析,一年工作经验,82.28,雅思6.5
,T同学,2024/2/17 12:13,2024/2/17 12:13,香港大学,机械工程（工程）理学硕士,河海大学,工程力学,1. 省级大创--融合CS技术的实时反馈系统2. 中国“互联网+“大学生创新创业大赛--量化智能测试系统3. 课程设计--重力坝设计,大四,88.63,雅思6.5，无
,Z同学,2024/2/17 12:13,2024/2/17 12:13,香港大学,机械工程（工程）理学硕士,西北工业大学,飞行器动力工程,1. 亿嘉和机器人研发基地机械设计实习生2. 思克莱德大学交换3. 法国国立应用科学院交换4. 视障人士导盲系统5. 基于正弦驱动的微型机器人6. 业余滑翔机复合板的改造7. 新能源汽车的电池冷却系统设计8. 专利《一种锐器盒》9. 专利《一种采油报警电路》,已毕业,75.32,雅思6.5
,L同学,2024/2/17 12:12,2024/2/17 12:12,香港大学,计算机科学理学硕士（常规方向）,,软件工程,1. 软件工程与计算Ⅱ课程设计：ERP企业资源管理系统的需求分析、设计与实现2. 软件工程实践课课程设计：面向开发协作?络的软件?程?本情绪分析与应用3. 数据集成课程设计：根据脱敏银行信息实现对客户的星级评估和用户评估,大四,80,雅思7
,L同学,2024/2/17 12:12,2024/2/17 12:12,香港大学,计算机科学理学硕士（常规方向）,北京航空航天大学,信息对抗技术,1. 科技股份公司数据分析工程师2. 米勒拉宾算法中的伪素数（密码学实验课程的课程设计）3. 综合攻防实验（网络攻防实验课程实验）4. 网络流量分析（网络攻防技术课程的课程设计）,大四,86.33,雅思7.0，待考
,W同学,2024/2/17 12:12,2024/2/17 12:12,香港大学,计算机科学理学硕士（网络安全方向）,华中科技大学,网络空间安全,1. 烽火通信科技股份有限公司解决方案设计员2. 课程设计：socket编程实验3. 操作系统的内存管理和设备管理4. 在Logisim平台中设计实现MIPS单周期和多周期处理器,大四,83.3,雅思7.5
,Q同学,2024/2/17 12:15,2024/2/17 12:15,香港大学,食品安全与毒理学理学硕士,华南农业大学,生物科学,1. xxxx形成的表观遗传调控分子机制2. 某生物研究所实验部实习生3. xxx医药公司质量管理部实习生4. 受体xxx的作用机理的探究5. xxx在水溶液和有机溶液中的动力学测定6. xx体内核苷糖合成调控、转运对xxx合成的影响,大四,87.83,雅思6.5
,H同学,2024/2/17 12:16,2024/2/17 12:16,香港岭南大学,国际高等教育与管理文学硕士,河北师范大学,播音与主持艺术,1. 沉浸式传播视域下电竞解说语言的提升对策2. 广播电视台 记者3. 艺术学校，艺考老师,两年工作经验,3.4,雅思6.5
,Z同学,2024/2/17 12:13,2024/2/17 12:13,香港岭南大学,环境、社会和公司治理管理理学硕士,苏州科技大学,土木工程专业,1. 校级大学生创新创业训练计划项目：基于BIM的酒店建筑的后期维护及管理方案2. 恒泰睿政经贸发展有限公司资料技术员3. 施工组织课程设计,大四,81,雅思7.5
,Z同学,2024/2/17 12:15,2024/2/17 12:15,香港教育大学,STEM（科学技术工程数学）教育文学硕士,河北师范大学,物理学(师范类),1. 中学物理老师2. 光纤激光器课题组科研项目3. 大学生物理学术竞赛4. 光学实验项目5. 课程论文：量子力学拓展课6. 物理教师技能大赛,大四,89.6,雅思6.5
,Y同学,2024/2/17 12:14,2024/2/17 12:14,香港教育大学,公共政策与管理硕士,东莞理工学院,工业工程,1. 某技术有限公司产品经理2. “互联网+”大学生创新创业大赛3. 实验/课程设计,三年工作经验,78.25,雅思7.0，不考
,Z同学,2024/2/17 12:12,2024/2/17 12:12,香港教育大学,教育学硕士,广东培正学院,秘书,1. 某小学语文教师2. 某教育咨询（广州）有限公司老师3. 毕业论文：论基层秘书的逆商管理,一年工作经验,3.34,雅思6
,L同学,2024/2/17 12:12,2024/2/17 12:12,香港浸会大学,应用经济学理学硕士,广东海洋大学,国际经济与贸易,1. 证券公司财富管理实习生2. 大中型工业企业经济效益状况及差异的分析调查3. 跨国公司的数字化转型分析4. 创业计划书5. 银行客户经理助理,大四,82.02,雅思7
,M同学,2024/2/17 12:14,2024/2/17 12:14,香港理工大学,专业会计硕士,,会计学,1. 新冠疫情下火锅公司的偿付能力研究2. 卫生局财务科实习3. xxx会计公司审计实习生,已毕业,86.57,雅思6.5
,W同学,2024/2/17 12:12,2024/2/17 12:12,香港理工大学,供应链与物流管理理学硕士,上海海事大学,交通管理（新国航）,1. 星巴克（中国）咖啡公司兼职2. 马士基（中国）航运有限公司Intern3. 中远物流&常熟外轮代理有限公司Intern4. 上海中远海运物流实习生5. 全国商业精英挑战赛上海市国际贸易竞赛6. 国际航运代理模拟实践7. 航运经济学航运市场调研及报告8. 集装箱班轮公司经营管理模拟实验9. 蔚来供应链-备件管理实习生,大四,86,托福100
,L同学,2024/2/17 12:14,2024/2/17 12:14,香港理工大学,元宇宙科技理学硕士,东北大学,软件工程,1. 某信息技术公司工程师实习2. 某科技公司前端工程师实习3. 微信小程序设计大赛东北赛区二等奖,大四,87,雅思7
,W同学,2024/2/17 12:15,2024/2/17 12:15,香港理工大学,元宇宙科技理学硕士,北京工业大学,土木工程,1. 宏伟顺通市政?程有限公司项目经理助理2. 海尔智家人工智能实习生3. 基于c++语言的flappy bird游戏demo4. 基于美国人口普查数据的影响因素分析项目5. 智能家电项目6. 基于语言模型的桌面操作系统RPA程序,已毕业,2.98,雅思6
,L同学,2024/2/17 12:14,2024/2/17 12:14,香港理工大学,创新多媒体娱乐理学硕士,中央民族大学,环境工程,1. 全国大学生电子商务“创新、创意及创业”挑战赛2. FUNPLUS动作特效实习生3. 中国大学生计算机设计大赛,大四,85.56,雅思7（6.5）
,L同学,2024/2/17 12:15,2024/2/17 12:15,香港理工大学,区块链科技理学硕士,北京工业大学,计算机科学与技术,1. iCAN全国大学生创新创业大赛：在线编程平台开发2. 美团商业分析精英大赛：基于knn算法的数据化运营3. 星火基金项目：基于深度学习的数据检测,大四,86.37,雅思6
,M同学,2024/2/17 12:14,2024/2/17 12:14,香港理工大学,国际航运及物流管理理学硕士,上海海事大学,海运与物流经济,1. 潘世奇物流公司快餐食品和饮料的店内配送和仓储案例分析2. 某物流公司实习生,大四,83,雅思6.5
,D同学,2024/2/17 12:15,2024/2/17 12:15,香港理工大学,国际航运及物流管理理学硕士,大连海事大学,轮机工程,1. 中国海运联运(香港)有限公司-轮机工程师2. 学院-讲师,三年以上工作经验,2.88,雅思6.0
,W同学,2024/2/17 12:11,2024/2/17 12:11,香港理工大学,工程商业管理理学硕士,江苏大学,工商管理,1. 连界投资有限公司：金融实习生2. 市场调查与分析大赛3. 全国商业精英挑战赛创新创业竞赛,大四,90.1,雅思6.5
,Z同学,2024/2/17 12:12,2024/2/17 12:12,香港理工大学,测绘及地理资讯学理学硕士,首都师范大学,遥感,1. 大运河沿线发展变化评价——以白浮泉至五河交汇处运河沿线为例2. 三维激光扫描仪系统参数精确标定3D,大四,88,雅思6
,Z同学,2024/2/17 12:11,2024/2/17 12:11,香港理工大学,电子及资讯工程学理学硕士,,自动化,1. 计算机控制技术课程设计2. 国网电力公司运维部输变电实习生3. 美国大学生数学建模竞赛4. 自动控制系统课程设计5. 数字电路课程设计,大四,78.17,雅思7，GRE317
,Z同学,2024/2/17 12:11,2024/2/17 12:11,香港理工大学,电子及资讯工程学理学硕士,上海交通大学,微电子科学与工程,1. xxx大学微纳电子学系 软件工程师2. 流水线的电脑处理器模拟仿真设计3. 三维纳米阵列图案生成算法的设计,已毕业,76.5,雅思6.5，无
,G同学,2024/2/17 12:11,2024/2/17 12:11,香港理工大学,电子及资讯工程学理学硕士,东华大学,电气工程及其自动化,1. 联通售前技术支持2. 课程设计：数字电压表设计3. 课程设计：50000锭棉纺织厂供电设计4. 课程设计：高精度智能电容与电压测量系统设计5. 课程设计：工业4.0智能创造供料站控制系统6. 毕设7. IDC产业链图谱编制,一年工作经验,3.27,雅思6.5，无
,Z同学,2024/2/17 12:12,2024/2/17 12:12,香港理工大学,量化金融与金融科技理学硕士,电子科技大学,金融学,1. 字节跳动实习生2. 中国银河证券实习生3. 卷积神经网络在x射线图像中的应用4. 消费者选择影响因素的研究5. 交易策略分析6. 数字化转型对风险承受能力的影响,大四,84.09,雅思6.5，不考
,X同学,2024/2/17 12:15,2024/2/17 12:15,香港理工大学,金融学硕士（企业金融）,广东外语外贸大学,金融学,1. 沙利文-行研实习2. 浦发银行-金融部实习,大四,87.33,雅思7，GMAT670
,L同学,2024/2/17 12:16,2024/2/17 12:16,香港科技大学,信息技术理学硕士,北京航空航天大学,计算机科学与技术,1. 基于微信小程序和网页的校园流浪动物管理系统2. 全国大学生数学建模竞赛3. 美国大学生数学建模竞赛,大四,88,雅思7
,S同学,2024/2/17 12:14,2024/2/17 12:14,香港科技大学,公共政策硕士,河海大学,土地资源管理,1. 某博物馆公共服务部实习生2. 南京某大剧院运营中心实习生3. 课程设计：不动产估价,大四,4.75,雅思7.5
,L同学,2024/2/17 12:16,2024/2/17 12:16,香港科技大学,化学与能源工程理学硕士,,化学工程与工艺,1. 化工原理课程设计：甲醇-水系统甲醇回收精馏塔设计2. 旭林精细化工有限公司3. 第十七届“天正设计杯”化工设计大赛4. 大学生科研训练计划项目（SRTP）：熔融结晶法分离提纯碳酸乙烯酯的研究,大四,2.93,雅思6.5
,S同学,2024/2/17 12:15,2024/2/17 12:15,香港科技大学,大数据科技理学硕士,北京理工大学,信息管理与信息系统,1. 共享停车位信息系统的设计与开发2. 北京某科技公司产品经理3. 好未来4. 关于大众点评早期用户评论对其后期用户评论影响的研究5. 大学生MOOC学习者特征及学习效果分析课题研究,三年工作经验,89.59,雅思7，GRE315
,W同学,2024/2/17 12:15,2024/2/17 12:15,香港科技大学,大数据科技理学硕士,华中科技大学,网络空间安全,1. 烽火通信科技股份有限公司解决方案设计员2. 课程设计：socket编程实验3. 操作系统的内存管理和设备管理4. 在Logisim平台中设计实现MIPS单周期和多周期处理器,大四,83.3,雅思7.5
,F同学,2024/2/17 12:16,2024/2/17 12:16,香港科技大学,生物技术理学硕士,浙江大学,生物医学,1. xx抗癌药物的研究进展2. 个人项目：探究纳米抗癌药物的研究进展3. xx生物学调查,大四,77.3,雅思6.0
,L同学,2024/2/17 12:12,2024/2/17 12:12,香港科技大学,电信学理学硕士,,信息工程,1. MFC设计：基于C++的地铁查询系统设计与实现2. 校级重大srtp项目，国家重点领域srtp项目：基于镜像法反向射线追踪算法的6G无线信道建模研究3. 毕业设计：基于FPGA的智能超表面实时模块设计4. 论文《Image method based ray tracing for iiot and mobility scenarios》,已毕业,83.58,雅思6.5
,X同学,2024/2/17 12:12,2024/2/17 12:12,香港科技大学,电信学理学硕士,,信息工程,1. 珠海某半导体公司算法工程师2. 毕业设计：《基于图信号处理的分级预测系统及推荐方法研究》3. 多项机器人及图像识别相关专利,三年工作经验,86.33,雅思7
,Z同学,2024/2/17 12:13,2024/2/17 12:13,香港科技大学,航空工程理学硕士,,机械工程,1. 机电股份有限公司管培生2. 基于折纸原理的抓取结构设计与控制3. 全国大学生机器人大赛 RoboMaster 2021 机甲大师高校 系列赛区域赛（中部赛区）国家级二等奖4. 15 t 门座式起重机旋转机构设计及门架强度分析,一年工作经验,84.67,雅思6.5
,J同学,2024/2/17 12:11,2024/2/17 12:11,香港科技大学,集成电路理学硕士,东华大学,应用物理学,1. 课程设计2. 实习3. 课程设计,大四,83.1,雅思6.5
